PDF,Model,Watt(W),DC Voltage(V),Additional Option(Type),Method
AD-155-SPEC.PDF,AD-155A,151.55,13.8,,ordered
AD-155-SPEC.PDF,AD-155B,151.55,27.6,,ordered
AD-155-SPEC.PDF,AD-155C,156.5,54,,ordered
AD-55-SPEC.PDF,AD-55A,51.38,13.8,,ordered
AD-55-SPEC.PDF,AD-55B,53.92,27.6,,ordered
ADD-155-SPEC.PDF,ADD-155A,152.75,13.8,,ordered
ADD-155-SPEC.PDF,ADD-155B,152.75,27.6,,ordered
ADD-155-SPEC.PDF,ADD-155C,149.9,54,,ordered
ADD-55-SPEC.PDF,ADD-55A,52.58,13.8,,ordered
ADD-55-SPEC.PDF,ADD-55B,55.12,27.6,,ordered
ADS-155-SPEC.PDF,ADS-15512,153,12,,ordered
ADS-155-SPEC.PDF,ADS-15524,154.2,24,,ordered
ADS-155-SPEC.PDF,ADS-15548,154.2,48,,ordered
ADS-55-SPEC.PDF,ADS-5512,51,12,,ordered
ADS-55-SPEC.PDF,ADS-5524,58,24,,ordered
APC-12-SPEC.pdf,APC-12-350,12.6,36,,ordered
APC-12-SPEC.pdf,APC-12-700,12.6,18,,ordered
APC-16-SPEC.pdf,APC-16-350,16.8,48,,ordered
APC-16-SPEC.pdf,APC-16-700,16.8,24,,ordered
APC-25-SPEC.pdf,APC-25-1050,25.2,24,,ordered
APC-25-SPEC.pdf,APC-25-350,24.5,70,,ordered
APC-25-SPEC.pdf,APC-25-500,25.2,50,,ordered
APC-35-SPEC.pdf,APC-35-1050,34.7,33,,ordered
APC-35-SPEC.pdf,APC-35-350,35,100,,ordered
APC-35-SPEC.pdf,APC-35-500,35,70,,ordered
APC-8-SPEC.pdf,APC-8-250,8.05,,,single-power-for-all
APC-8-SPEC.pdf,APC-8-250-700MA,8.05,,,single-power-for-all
APC-8-SPEC.pdf,APC-8-350,8.05,29,,single-power-for-all
APC-8-SPEC.pdf,APC-8-500,8.05,,,single-power-for-all
APC-8-SPEC.pdf,APC-8-700,8.05,38,,single-power-for-all
APV-12-SPEC.pdf,APV-12-12,12,12,,ordered
APV-12-SPEC.pdf,APV-12-15,12,15,,ordered
APV-12-SPEC.pdf,APV-12-24,12,24,,ordered
APV-12-SPEC.pdf,APV-12-5,10,5,,ordered
APV-16-SPEC.pdf,APV-16-12,15,12,,ordered
APV-16-SPEC.pdf,APV-16-15,15,15,,ordered
APV-16-SPEC.pdf,APV-16-24,16.08,24,,ordered
APV-16-SPEC.pdf,APV-16-5,13,5,,ordered
APV-25-SPEC.pdf,APV-25-12,17.5,5,,single-power-for-all
APV-25-SPEC.pdf,APV-25-15,17.5,5,,single-power-for-all
APV-25-SPEC.pdf,APV-25-24,17.5,5,,single-power-for-all
APV-25-SPEC.pdf,APV-25-36,17.5,5,,single-power-for-all
APV-25-SPEC.pdf,APV-25-5,17.5,5,,single-power-for-all
APV-35-SPEC.pdf,APV-35-12,25,5,,single-power-for-all
APV-35-SPEC.pdf,APV-35-15,25,5,,single-power-for-all
APV-35-SPEC.pdf,APV-35-24,25,5,,single-power-for-all
APV-35-SPEC.pdf,APV-35-36,25,5,,single-power-for-all
APV-35-SPEC.pdf,APV-35-5,25,5,,single-power-for-all
APV-8-SPEC.pdf,APV-8-12,8,,,single-power-for-all
APV-8-SPEC.pdf,APV-8-24,8,12,,single-power-for-all
APV-8-SPEC.pdf,APV-8-5,8,,,single-power-for-all
BIC-2200-spec.pdf,BIC-2200-12,2160,12,Blank|CAN,single-power-for-all
BIC-2200-spec.pdf,BIC-2200-24,2160,24,Blank|CAN,single-power-for-all
BIC-2200-spec.pdf,BIC-2200-48,2160,48,Blank|CAN,single-power-for-all
BIC-2200-spec.pdf,BIC-2200-96,2160,96,Blank|CAN,single-power-for-all
BIC-5K-spec.pdf,BIC-5K-24,4992,24,Blank|MOD|MODBUS,ordered
BIC-5K-spec.pdf,BIC-5K-380,5025,380,Blank|MOD|MODBUS,ordered
BIC-5K-spec.pdf,BIC-5K-48,4992,48,Blank|MOD|MODBUS,ordered
BIC-5K-spec.pdf,BIC-5K-96,4992,96,Blank|MOD|MODBUS,ordered
CSP-3000.pdf,CSP-3000-120,3000,250,,ordered
CSP-3000.pdf,CSP-3000-250,3000,400,,ordered
CSP-3000.pdf,CSP-3000-400,3000,,,ordered
DAP-04-SPEC.pdf,DAP-04-SPEC,0.5,10,,ordered
DBR-3200-spec.pdf,DBR-3200-24,3200,28.8,Blank|CAN,single-power-for-all
DBR-3200-spec.pdf,DBR-3200-48,3200,57.6,Blank|CAN,single-power-for-all
DBU-3200-spec.pdf,DBU-3200-24,3200,28.8,Blank|CAN,single-power-for-all
DBU-3200-spec.pdf,DBU-3200-48,3200,57.6,Blank|CAN,single-power-for-all
DCW08-SPEC.PDF,DCW08A-05,8,5,,single-power-for-all
DCW08-SPEC.PDF,DCW08A-12,8,,,single-power-for-all
DCW08-SPEC.PDF,DCW08A-15,8,,,single-power-for-all
DCW08-SPEC.PDF,DCW08B-05,8,12,,single-power-for-all
DCW08-SPEC.PDF,DCW08B-12,8,,,single-power-for-all
DCW08-SPEC.PDF,DCW08B-15,8,,,single-power-for-all
DCW08-SPEC.PDF,DCW08C-05,8,15,,single-power-for-all
DCW08-SPEC.PDF,DCW08C-12,8,,,single-power-for-all
DCW08-SPEC.PDF,DCW08C-15,8,,,single-power-for-all
DCW08W8-SPEC.PDF,DCW08W8,8,12,,ordered
DCW12-SPEC.PDF,DCW12A-05,12,5,,single-power-for-all
DCW12-SPEC.PDF,DCW12A-12,12,,,single-power-for-all
DCW12-SPEC.PDF,DCW12A-15,12,,,single-power-for-all
DCW12-SPEC.PDF,DCW12B-05,12,12,,single-power-for-all
DCW12-SPEC.PDF,DCW12B-12,12,,,single-power-for-all
DCW12-SPEC.PDF,DCW12B-15,12,,,single-power-for-all
DCW12-SPEC.PDF,DCW12C-05,12,15,,single-power-for-all
DCW12-SPEC.PDF,DCW12C-12,12,,,single-power-for-all
DCW12-SPEC.PDF,DCW12C-15,12,,,single-power-for-all
DCW12W8-SPEC.PDF,DCW12W8,12,12,,ordered
DCW20W8-SPEC.PDF,DCW20W8,20,12,,ordered
DCWN03-SPEC.PDF,DCWN03,3,3.3,,ordered
DCWN03W8-SPEC.PDF,DCWN03W8,3,12,,ordered
DCWN06-SPEC.PDF,DCWN06,6,3.3,,ordered
DCWN06W8-SPEC.PDF,DCWN06W8,6,12,,ordered
DDR-120.pdf,DDR-120A-12,100.8,24,,ordered
DDR-120.pdf,DDR-120A-24,99.6,12,,ordered
DDR-120.pdf,DDR-120A-48,120,24,,ordered
DDR-120.pdf,DDR-120B-12,120,48,,ordered
DDR-120.pdf,DDR-120B-24,120,12,,ordered
DDR-120.pdf,DDR-120B-48,100.8,48,,ordered
DDR-15.pdf,DDR-15L-3.3,15,3.3,,ordered-truncated
DDR-15.pdf,DDR-15L-5,15,5,,ordered-truncated
DDR-240.pdf,DDR-240B-24,240,24,,ordered
DDR-240.pdf,DDR-240B-48,240,,,ordered
DDR-240.pdf,DDR-240C-24,240,,,ordered
DDR-240.pdf,DDR-240C-48,240,24,,ordered
DDR-240.pdf,DDR-240D-24,240,48,,ordered
DDR-240.pdf,DDR-240D-48,240,24,,ordered
DDR-30.pdf,DDR-30G-12,30,12,,ordered-truncated
DDR-30.pdf,DDR-30G-24,30,,,ordered-truncated
DDR-30.pdf,DDR-30G-5,30,5,,ordered-truncated
DDR-30.pdf,DDR-30L-12,30,12,,ordered-truncated
DDR-480.pdf,DDR-480B-12,400.8,12,,ordered
DDR-480.pdf,DDR-480B-24,480,24,,ordered
DDR-480.pdf,DDR-480B-48,480,48,,ordered
DDR-480.pdf,DDR-480C-12,400.8,12,,ordered
DDR-480.pdf,DDR-480C-24,480,24,,ordered
DDR-480.pdf,DDR-480C-48,480,48,,ordered
DDR-480.pdf,DDR-480D-12,400.8,12,,ordered
DDR-480.pdf,DDR-480D-24,480,24,,ordered
DDR-480.pdf,DDR-480D-48,480,48,,ordered
DDR-60.pdf,DDR-60G-12,60,12,,ordered-truncated
DDR-60.pdf,DDR-60G-15,60,15,,ordered-truncated
DDR-60.pdf,DDR-60G-24,60,15,,ordered-truncated
DDR-60.pdf,DDR-60G-5,54,5,,ordered-truncated
DDR-60.pdf,DDR-60L-12,60,24,,ordered-truncated
DDR-60.pdf,DDR-60L-15,60,12,,ordered-truncated
DDRH-120-spec.pdf,DDRH-120-12,100.8,12,,single-power-for-all
DDRH-120-spec.pdf,DDRH-120-24,100.8,12,,single-power-for-all
DDRH-120-spec.pdf,DDRH-120-32,100.8,12,,single-power-for-all
DDRH-120-spec.pdf,DDRH-120-48,100.8,12,,single-power-for-all
DDRH-15-spec.pdf,DDRH-15-XXP,15,5,,single-power-for-all
DDRH-15DR-SPEC.PDF,DDRH-15-XXP,15,5,,single-power-for-all
DDRH-15P-SPEC.PDF,DDRH-15-XXP,15,5,,single-power-for-all
DDRH-15-spec.pdf,DDRH-15-XXST,15,12,,single-power-for-all
DDRH-15DR-SPEC.PDF,DDRH-15-XXST,15,12,,single-power-for-all
DDRH-15P-SPEC.PDF,DDRH-15-XXST,15,12,,single-power-for-all
DDRH-240-spec.pdf,DDRH-240-12,200.4,12,,single-power-for-all
DDRH-240-spec.pdf,DDRH-240-24,200.4,12,,single-power-for-all
DDRH-240-spec.pdf,DDRH-240-32,200.4,12,,single-power-for-all
DDRH-240-spec.pdf,DDRH-240-48,200.4,12,,single-power-for-all
DDRH-30-spec.pdf,DDRH-30-XXP,30,12,,single-power-for-all
DDRH-30DR-SPEC.PDF,DDRH-30-XXP,30,12,,single-power-for-all
DDRH-30P-SPEC.PDF,DDRH-30-XXP,30,12,,single-power-for-all
DDRH-30-spec.pdf,DDRH-30-XXST,30,15,,single-power-for-all
DDRH-30DR-SPEC.PDF,DDRH-30-XXST,30,15,,single-power-for-all
DDRH-30P-SPEC.PDF,DDRH-30-XXST,30,15,,single-power-for-all
DDRH-45-spec.pdf,DDRH-45-XXP,45,12,,single-power-for-all
DDRH-45DR-SPEC.PDF,DDRH-45-XXP,45,12,,single-power-for-all
DDRH-45P-SPEC.PDF,DDRH-45-XXP,45,12,,single-power-for-all
DDRH-45-spec.pdf,DDRH-45-XXST,45,15,,single-power-for-all
DDRH-45DR-SPEC.PDF,DDRH-45-XXST,45,15,,single-power-for-all
DDRH-45P-SPEC.PDF,DDRH-45-XXST,45,15,,single-power-for-all
DDRH-60-spec.pdf,DDRH-60-24,60,12,,x-position
DETN01-spec.pdf,DETN01,1,3,,ordered
DETN01-N-spec.pdf,DETN01L-03N,1,5,,single-power-for-all
DETN01-N-spec.pdf,DETN01M-03N,1,12,,single-power-for-all
DETN02-N-spec.pdf,DETN02,2,5,,ordered
DETN02-spec.pdf,DETN02,2,3,,ordered
DHP-1U%20RACK%20SYSTEM-spec.pdf,DHP-12K1U,12864,48,,ordered-truncated
DHP-1UT-SPEC.PDF,DHP-12K1U,12864,48,,ordered-truncated
DHP-1U%20RACK%20SYSTEM-spec.pdf,DHP-1U,12768,24,,ordered-truncated
DHP-1UT-SPEC.PDF,DHP-1U,12768,24,,ordered-truncated
DHP-1UT-B_RACK_SYSTEM-spec.pdf,DHP-1UT-B(HV),12800,24,,single-power-for-all
DHP-1UT-B-SPEC.PDF,DHP-1UT-B(HV),12800,24,,single-power-for-all
DHP-1UT-B_RACK_SYSTEM-spec.pdf,DHP-1UT-B(HV)-DHP-1U,12800,48,,single-power-for-all
DHP-1UT-B-SPEC.PDF,DHP-1UT-B(HV)-DHP-1U,12800,48,,single-power-for-all
DI06W8-SPEC.PDF,DI06W8,6,3.3,,ordered
DKA15-SPEC.PDF,DKA15A-05,15,5,,single-power-for-all
DKA15-SPEC.PDF,DKA15A-12,15,,,single-power-for-all
DKA15-SPEC.PDF,DKA15A-15,15,,,single-power-for-all
DKA15-SPEC.PDF,DKA15B-05,15,12,,single-power-for-all
DKA15-SPEC.PDF,DKA15B-12,15,,,single-power-for-all
DKA15-SPEC.PDF,DKA15B-15,15,,,single-power-for-all
DKA15-SPEC.PDF,DKA15C-05,15,15,,single-power-for-all
DKA15-SPEC.PDF,DKA15C-12,15,,,single-power-for-all
DKA15-SPEC.PDF,DKA15C-15,15,,,single-power-for-all
DKA30-SPEC.PDF,DKA30A-05,25,5,,ordered-truncated
DKA30-SPEC.PDF,DKA30B-05,30,12,,ordered-truncated
DKA30-SPEC.PDF,DKA30C-05,30,15,,ordered-truncated
DKE10-SPEC.PDF,DKE10A-,10,5,,single-power-for-all
DKE10-SPEC.PDF,DKE10B-,10,12,,single-power-for-all
DKE10-SPEC.PDF,DKE10C-,10,15,,single-power-for-all
DKE15-SPEC.PDF,DKE15A-,15,5,,single-power-for-all
DKE15-SPEC.PDF,DKE15B-,15,12,,single-power-for-all
DKE15-SPEC.PDF,DKE15C-,15,15,,single-power-for-all
DKM10-SPEC.PDF,DKM10,10,3.3,,ordered
DKM30-N-SPEC.PDF,DKM30-N,30,5,,ordered
DKMW15-SPEC.PDF,DKMW15,10,3.3,,single-model-first-power
DKMW20-SPEC.PDF,DKMW20,20,3.3,,ordered
DKMW30-SPEC.PDF,DKMW30,30,3.3,,ordered
DKMW40-SPEC.PDF,DKMW40,40,3.3,,ordered
DLC-02-SPEC.PDF,DLC-02,7.68,16,,ordered
DLC-02%20controller-spec.pdf,DLC-02,7.68,16,,single-power-for-all
DLC-02%20controller-spec.pdf,DLC-02-2X16V,7.68,16,,single-power-for-all
DLC-02-KN-spec.pdf,DLC-02-KN,7.68,16,,ordered
DLC03-SPEC.PDF,DLC03,3,50,,ordered
DLP-04-spec.pdf,DLP-04L),0.5,,,single-power-for-all
DLP-04L-SPEC.PDF,DLP-04L),0.5,,,single-power-for-all
DLP-04R-SPEC.PDF,DLP-04L),0.5,,,single-power-for-all
DLP-04-spec.pdf,DLP-04R),0.5,,,single-power-for-all
DLP-04L-SPEC.PDF,DLP-04R),0.5,,,single-power-for-all
DLP-04R-SPEC.PDF,DLP-04R),0.5,,,single-power-for-all
DLW05-SPEC.PDF,DLW05A-05,5,12,,single-power-for-all
DLW05-SPEC.PDF,DLW05A-12,5,,,single-power-for-all
DLW05-SPEC.PDF,DLW05A-15,5,,,single-power-for-all
DLW05-SPEC.PDF,DLW05B-05,5,15,,single-power-for-all
DLW05-SPEC.PDF,DLW05B-12,5,,,single-power-for-all
DLW05-SPEC.PDF,DLW05B-15,5,,,single-power-for-all
DLW05-SPEC.PDF,DLW05C-05,5,,,single-power-for-all
DLW05-SPEC.PDF,DLW05C-12,5,,,single-power-for-all
DLW05-SPEC.PDF,DLW05C-15,5,,,single-power-for-all
DPA01W8-SPEC.PDF,DPA01W8,1,12,,ordered
DPAN02-SPEC.PDF,DPAN02,2,3.3,,ordered
DPAN02W8-SPEC.PDF,DPAN02W8,2,12,,ordered
DPB09-SPEC.PDF,DPB09,9,3,,ordered
DPB09W8-SPEC.PDF,DPB09W8,9,12,,ordered
DPBW03-SPEC.PDF,DPBW03,3,3.3,,ordered
DPBW03W8-SPEC.PDF,DPBW03W8,3,12,,ordered
DPBW06-SPEC.PDF,DPBW06,6,3.3,,ordered
DPBW06W8-SPEC.PDF,DPBW06W8,6,12,,ordered
DPRN01-SPEC.PDF,DPRN01,1,5,,ordered
DPU-3200-spec.pdf,DPU-3200-24,3192,24,Blank|PM|CAN,ordered
DPU-3200-spec.pdf,DPU-3200-48,3216,48,Blank|PM|CAN,ordered
DPU01-SPEC.PDF,DPU01,1,5,,ordered
DRA-40-SPEC.pdf,DRA-40-12,40.08,12,,ordered
DRA-40-SPEC.pdf,DRA-40-24,40.8,24,,ordered
DRA-60-SPEC.pdf,DRA-60-12,60,12,,ordered
DRA-60-SPEC.pdf,DRA-60-24,60,24,,ordered
DRC-100-SPEC.PDF,DRC-100A,96.6,13.8,,ordered
DRC-100-SPEC.PDF,DRC-100B,96.6,27.6,,ordered
DRC-180-spec.pdf,DRC-180A,179.4,13.8,,ordered
DRC-180-spec.pdf,DRC-180B,179.4,27.6,,ordered
DRC-40-SPEC.PDF,DRC-40A,40.02,13.8,,ordered
DRC-40-SPEC.PDF,DRC-40B,40.02,27.6,,ordered
DRC-60-SPEC.PDF,DRC-60A,59.34,13.8,,ordered
DRC-60-SPEC.PDF,DRC-60B,59.34,27.6,,ordered
DRDN20-spec.pdf,DRDN20-,1.5,12,,ordered
DRDN40-spec.pdf,DRDN40-,1.5,12,,ordered
DRP-3200-spec.pdf,DRP-3200-24,3192,24,Blank|CAN,ordered
DRP-3200-spec.pdf,DRP-3200-48,3216,48,Blank|CAN,ordered
DRS-240-spec.pdf,DRS-240-12,240,0.3,,single-power-for-all
DRS-240-spec.pdf,DRS-240-24,240,0.4,,single-power-for-all
DRS-240-spec.pdf,DRS-240-36,240,0.5,,single-power-for-all
DRS-240-spec.pdf,DRS-240-48,240,0.2,,single-power-for-all
DRS-480-spec.pdf,DRS-480-24,480,,,single-power-for-all
DRS-480-spec.pdf,DRS-480-36,480,,,single-power-for-all
DRS-480-spec.pdf,DRS-480-48,480,44,,single-power-for-all
EDR-120.pdf,EDR-120-12,120,12,,ordered
EDR-120.pdf,EDR-120-24,120,24,,ordered
EDR-120.pdf,EDR-120-48,120,48,,ordered
EDR-150.pdf,EDR-150-24,156,24,,single-model-first-power
EDR-75.pdf,EDR-75-12,76.8,48,,ordered
EDR-75.pdf,EDR-75-24,75.6,12,,ordered
EDR-75.pdf,EDR-75-48,76.8,24,,ordered
ELG-100-SPEC.pdf,ELG-100-24,96,42,Blank|A|B|AB|DA|DX|D2,ordered
ELG-100.pdf,ELG-100-24,96,42,Blank|A|B|AB|DA|DX|D2,ordered
ELG-100-SPEC.pdf,ELG-100-36,95.76,48,Blank|A|B|AB|DA|DX|D2,ordered
ELG-100.pdf,ELG-100-36,95.76,48,Blank|A|B|AB|DA|DX|D2,ordered
ELG-100-SPEC.pdf,ELG-100-42,95.76,54,Blank|A|B|AB|DA|DX|D2,ordered
ELG-100.pdf,ELG-100-42,95.76,54,Blank|A|B|AB|DA|DX|D2,ordered
ELG-100-C-SPEC.pdf,ELG-100-C1050,0.5,95,Blank|A|B|AB|DA|DX|D2,single-power-for-all
ELG-100-C-SPEC.pdf,ELG-100-C700,0.5,143,Blank|A|B|AB|DA|DX|D2,single-power-for-all
ELG-100U-SPEC.pdf,ELG-100U-24,100,,,single-power-for-all
ELG-100U-SPEC.pdf,ELG-100U-42,100,,,single-power-for-all
ELG-100U-SPEC.pdf,ELG-100U-48,100,,,single-power-for-all
ELG-150-SPEC.pdf,ELG-150-12,84,12,Blank|A|B|AB|DA|DX|D2,ordered-truncated
ELG-150.pdf,ELG-150-12,84,12,Blank|A|B|AB|DA|DX|D2,ordered-truncated
ELG-150-SPEC.pdf,ELG-150-24,105,36,Blank|A|B|AB|DA|DX|D2,ordered-truncated
ELG-150.pdf,ELG-150-24,105,36,Blank|A|B|AB|DA|DX|D2,ordered-truncated
ELG-150-SPEC.pdf,ELG-150-36,105,42,Blank|A|B|AB|DA|DX|D2,ordered-truncated
ELG-150.pdf,ELG-150-36,105,42,Blank|A|B|AB|DA|DX|D2,ordered-truncated
ELG-150-SPEC.pdf,ELG-150-42,105,54,Blank|A|B|AB|DA|DX|D2,ordered-truncated
ELG-150.pdf,ELG-150-42,105,54,Blank|A|B|AB|DA|DX|D2,ordered-truncated
ELG-150-C-SPEC.pdf,ELG-150-C1050,105,315,Blank|A|B|AB|DA|DX|D2,x-position
ELG-150-C-SPEC.pdf,ELG-150-C1400,105,225,Blank|A|B|AB|DA|DX|D2,x-position
ELG-150U-SPEC.pdf,ELG-150U-36,150,,,ordered
ELG-200-SPEC.pdf,ELG-200-12,144,12,Blank|A|B|AB|DA|DX|D2,ordered
ELG-200-SPEC.pdf,ELG-200-24,149.76,24,Blank|A|B|AB|DA|DX|D2,ordered
ELG-200-SPEC.pdf,ELG-200-36,149.94,36,Blank|A|B|AB|DA|DX|D2,ordered
ELG-200-SPEC.pdf,ELG-200-42,150.12,42,Blank|A|B|AB|DA|DX|D2,ordered
ELG-200-C-SPEC.pdf,ELG-200-C1050,0.5,190,Blank|A|B|AB|DA|DX|D2,single-power-for-all
ELG-200-C-SPEC.pdf,ELG-200-C1400,0.5,,Blank|A|B|AB|DA|DX|D2,single-power-for-all
ELG-200-C-SPEC.pdf,ELG-200-C1750,0.5,114,Blank|A|B|AB|DA|DX|D2,single-power-for-all
ELG-200-C-SPEC.pdf,ELG-200-C2100,0.5,,Blank|A|B|AB|DA|DX|D2,single-power-for-all
ELG-200-C-SPEC.pdf,ELG-200-C700,0.5,,Blank|A|B|AB|DA|DX|D2,single-power-for-all
ELG-200-C-SPEC.pdf,ELG-200-C700-1400MA,0.5,,Blank|A|B|AB|DA|DX|D2,single-power-for-all
ELG-240-SPEC.pdf,ELG-240-24,239.76,36,Blank|A|B|AB|DA|DX|D2,ordered-truncated
ELG-240-SPEC.pdf,ELG-240-36,239.82,42,Blank|A|B|AB|DA|DX|D2,ordered-truncated
ELG-240-SPEC.pdf,ELG-240-54,240,24,Blank|A|B|AB|DA|DX|D2,ordered-truncated
ELG-240-C-SPEC.pdf,ELG-240-C1050,239.4,228,Blank|A|B|AB|DA|DX|D2,ordered-truncated
ELG-240-C-SPEC.pdf,ELG-240-C1400,239.75,,Blank|A|B|AB|DA|DX|D2,ordered-truncated
ELG-240-C-SPEC.pdf,ELG-240-C1750,239.4,171,Blank|A|B|AB|DA|DX|D2,ordered-truncated
ELG-300-spec.pdf,ELG-300-12A,300,24,A,single-power-for-all
ELG-300.pdf,ELG-300-12A,300,24,A,single-power-for-all
ELG-300-spec.pdf,ELG-300-24A,300,24,A,single-power-for-all
ELG-300.pdf,ELG-300-24A,300,24,A,single-power-for-all
ELG-75-SPEC.pdf,ELG-75-12,75.6,24,Blank|A|B|AB|DA|DX|D2,ordered-truncated
ELG-75.pdf,ELG-75-12,75.6,24,Blank|A|B|AB|DA|DX|D2,ordered-truncated
ELG-75-SPEC.pdf,ELG-75-24,75.6,36,Blank|A|B|AB|DA|DX|D2,ordered-truncated
ELG-75.pdf,ELG-75-24,75.6,36,Blank|A|B|AB|DA|DX|D2,ordered-truncated
ELG-75-SPEC.pdf,ELG-75-36,76.8,,Blank|A|B|AB|DA|DX|D2,ordered-truncated
ELG-75.pdf,ELG-75-36,76.8,,Blank|A|B|AB|DA|DX|D2,ordered-truncated
ELG-75-C-SPEC.pdf,ELG-75-C1050,0.5,,Blank|A|B|AB|DA|DX|D2,single-power-for-all
ELG-75-C-SPEC.pdf,ELG-75-C1400,0.5,,Blank|A|B|AB|DA|DX|D2,single-power-for-all
ELG-75-C-SPEC.pdf,ELG-75-C1400-700MA,0.5,,Blank|A|B|AB|DA|DX|D2,single-power-for-all
ELG-75-C-SPEC.pdf,ELG-75-C350,0.5,107,Blank|A|B|AB|DA|DX|D2,single-power-for-all
ELG-75-C-SPEC.pdf,ELG-75-C500,0.5,,Blank|A|B|AB|DA|DX|D2,single-power-for-all
ELG-75-C-SPEC.pdf,ELG-75-C700,0.5,,Blank|A|B|AB|DA|DX|D2,single-power-for-all
ELGC-300-spec.pdf,ELGC-300-H-,300,62,Blank,single-power-for-all
ELGC-300-spec.pdf,ELGC-300-L-,300,240,Blank,single-power-for-all
ELGC-300-spec.pdf,ELGC-300-M-,300,120,Blank,single-power-for-all
ELP-75-SPEC.PDF,ELP-75-15,75,15,,ordered
ELP-75-SPEC.PDF,ELP-75-3.3,49.5,3.3,,ordered
ELP-75-SPEC.PDF,ELP-75-48,76.8,48,,ordered
ELP-75-SPEC.PDF,ELP-75-5,75,5,,ordered
ENC-120-spec.pdf,ENC-120-12,115.2,14.4,,ordered
ENC-120-spec.pdf,ENC-120-24,115.2,28.8,,ordered
ENC-120-spec.pdf,ENC-120-48,115.2,57.6,,ordered
ENC-180-spec.pdf,ENC-180-12,172.8,14.4,,ordered
ENC-180-spec.pdf,ENC-180-24,172.8,28.8,,ordered
ENC-180-spec.pdf,ENC-180-48,172.8,57.6,,ordered
ENC-240-spec.pdf,ENC-240-12,230.4,14.4,,ordered
ENC-240-spec.pdf,ENC-240-24,230.4,28.8,,ordered
ENC-240-spec.pdf,ENC-240-48,230.4,57.6,,ordered
ENC-360-spec.pdf,ENC-360-12,345.6,14.4,,ordered
ENC-360-spec.pdf,ENC-360-24,345.6,28.8,,ordered
ENC-360-spec.pdf,ENC-360-48,345.6,57.6,,ordered
ENP-120-spec.pdf,ENP-120-12,120,13.8,,single-power-for-all
ENP-120-spec.pdf,ENP-120-24,120,27.6,,single-power-for-all
ENP-120-spec.pdf,ENP-120-48,120,55.2,,single-power-for-all
ENP-180-spec.pdf,ENP-180-12,180,13.8,,single-power-for-all
ENP-180-spec.pdf,ENP-180-24,180,27.6,,single-power-for-all
ENP-180-spec.pdf,ENP-180-48,180,55.2,,single-power-for-all
ENP-240-spec.pdf,ENP-240-12,240,13.8,,single-power-for-all
ENP-240-spec.pdf,ENP-240-24,240,27.6,,single-power-for-all
ENP-240-spec.pdf,ENP-240-48,240,55.2,,single-power-for-all
ENP-360-spec.pdf,ENP-360-12,360,13.8,,single-power-for-all
ENP-360-spec.pdf,ENP-360-24,360,27.6,,single-power-for-all
ENP-360-spec.pdf,ENP-360-48,360,55.2,,single-power-for-all
EPP-100.pdf,EPP-100-12,75.6,12,,ordered
EPP-100.pdf,EPP-100-15,75,15,,ordered
EPP-100.pdf,EPP-100-24,76.8,24,,ordered
EPP-100.pdf,EPP-100-27,75.6,27,,ordered
EPP-100.pdf,EPP-100-48,76.8,48,,ordered
EPP-120S.pdf,EPP-120S-12,141.6,12,,ordered
EPP-120S.pdf,EPP-120S-15,142.5,15,,ordered
EPP-120S.pdf,EPP-120S-24,150,24,,ordered
EPP-120S.pdf,EPP-120S-27,149.8,27,,ordered
EPP-120S.pdf,EPP-120S-48,150,48,,ordered
EPP-150.pdf,EPP-150-12,100.8,12,,ordered
EPP-150.pdf,EPP-150-15,100.5,15,,ordered
EPP-150.pdf,EPP-150-24,100.8,24,,ordered
EPP-150.pdf,EPP-150-27,100.17,27,,ordered
EPP-150.pdf,EPP-150-48,100.8,48,,ordered
EPP-200.pdf,EPP-200-12,200.4,12,,ordered
EPP-200.pdf,EPP-200-15,201,15,,ordered
EPP-200.pdf,EPP-200-24,201.6,24,,ordered
EPP-200.pdf,EPP-200-27,202.5,27,,ordered
EPP-200.pdf,EPP-200-48,201.6,48,,ordered
EPP-300.pdf,EPP-300-12,200,12,,ordered
EPP-300.pdf,EPP-300-15,200,15,,ordered
EPP-300.pdf,EPP-300-24,199.9,24,,ordered
EPP-300.pdf,EPP-300-27,199.8,27,,ordered
EPP-300.pdf,EPP-300-48,200.2,48,,ordered
EPP-400.pdf,EPP-400-24,400.8,12,,x-position
EPP-400.pdf,EPP-400-36,403.2,12,,x-position
EPP-500.pdf,EPP-500-12,500,12,,single-power-for-all
EPP-500.pdf,EPP-500-15,500,12,,single-power-for-all
EPP-500.pdf,EPP-500-18,500,12,,single-power-for-all
EPP-500.pdf,EPP-500-24,500,12,,single-power-for-all
EPP-500.pdf,EPP-500-27,500,12,,single-power-for-all
EPP-500.pdf,EPP-500-36,500,12,,single-power-for-all
EPP-500.pdf,EPP-500-48,500,12,,single-power-for-all
EPP-500.pdf,EPP-500-54,500,12,,single-power-for-all
EPS-120-SPEC.PDF,EPS-120-12,120,12,,ordered
EPS-120-SPEC.PDF,EPS-120-15,120,15,,ordered
EPS-120-SPEC.PDF,EPS-120-24,120,24,,ordered
EPS-120-SPEC.PDF,EPS-120-27,121.5,27,,ordered
EPS-120-SPEC.PDF,EPS-120-48,120,48,,ordered
EPS-15-SPEC.PDF,EPS-15-15,15,15,,ordered
EPS-15-SPEC.PDF,EPS-15-3.3,9.9,3.3,,ordered
EPS-15-SPEC.PDF,EPS-15-48,15.02,48,,ordered
EPS-15-SPEC.PDF,EPS-15-5,15,5,,ordered
EPS-15-SPEC.PDF,EPS-15-7.5,15,7.5,,ordered
EPS-25-SPEC.PDF,EPS-25-15,25.5,15,,ordered
EPS-25-SPEC.PDF,EPS-25-3.3,16.5,3.3,,ordered
EPS-25-SPEC.PDF,EPS-25-48,25.44,48,,ordered
EPS-25-SPEC.PDF,EPS-25-5,25,5,,ordered
EPS-25-SPEC.PDF,EPS-25-7.5,25.5,7.5,,ordered
EPS-35-SPEC.PDF,EPS-35-15,36,15,,ordered
EPS-35-SPEC.PDF,EPS-35-3.3,19.8,3.3,,ordered
EPS-35-SPEC.PDF,EPS-35-48,36,48,,ordered
EPS-35-SPEC.PDF,EPS-35-5,30,5,,ordered
EPS-35-SPEC.PDF,EPS-35-7.5,35.25,7.5,,ordered
EPS-45-SPEC.PDF,EPS-45-15,45,15,,ordered
EPS-45-SPEC.PDF,EPS-45-3.3,26.4,3.3,,ordered
EPS-45-SPEC.PDF,EPS-45-48,48,48,,ordered
EPS-45-SPEC.PDF,EPS-45-5,40,5,,ordered
EPS-45-SPEC.PDF,EPS-45-7.5,40.5,7.5,,ordered
EPS-45S-SPEC.PDF,EPS-45S-12,45.6,12,,ordered
EPS-45S-SPEC.PDF,EPS-45S-15,45,15,,ordered
EPS-45S-SPEC.PDF,EPS-45S-24,45.6,24,,ordered
EPS-45S-SPEC.PDF,EPS-45S-3.3,26.4,3.3,,ordered
EPS-45S-SPEC.PDF,EPS-45S-48,45.1,48,,ordered
EPS-45S-SPEC.PDF,EPS-45S-5,40,5,,ordered
EPS-45S-SPEC.PDF,EPS-45S-7.5,40.5,7.5,,ordered
EPS-65-SPEC.PDF,EPS-65-15,65.1,15,,ordered
EPS-65-SPEC.PDF,EPS-65-3.3,36.3,3.3,,ordered
EPS-65-SPEC.PDF,EPS-65-48,65.28,48,,ordered
EPS-65-SPEC.PDF,EPS-65-5,55,5,,ordered
EPS-65-SPEC.PDF,EPS-65-7.5,60,7.5,,ordered
EPS-65S-SPEC.PDF,EPS-65S-12,65,12,,ordered
EPS-65S-SPEC.PDF,EPS-65S-15,65.1,15,,ordered
EPS-65S-SPEC.PDF,EPS-65S-24,65,24,,ordered
EPS-65S-SPEC.PDF,EPS-65S-3.3,33,3.3,,ordered
EPS-65S-SPEC.PDF,EPS-65S-48,65.3,48,,ordered
EPS-65S-SPEC.PDF,EPS-65S-5,50,5,,ordered
EPS-65S-SPEC.PDF,EPS-65S-7.5,60,7.5,,ordered
ERDN40-spec.pdf,ERDN40-,1.5,12,,ordered
ERG-5000(H)-SPEC.pdf,ERG-5000,6000,48,,single-power-for-all
ERG-5000(H)-SPEC.pdf,ERG-5000H,6000,48,,single-power-for-all
ERG-5000(H)-SPEC.pdf,ERG-5000H-4CH),6000,48,,single-power-for-all
ERP-200-spec.pdf,ERP-200-12,200,12,,single-power-for-all
ERP-200-spec.pdf,ERP-200-24,200,24,,single-power-for-all
ERP-350-SPEC.pdf,ERP-350-12,320.4,12,,ordered-truncated
ERP-350-SPEC.pdf,ERP-350-24,350.4,24,,ordered-truncated
ERPF-400-spec.pdf,ERPF-400-12,360,12,,ordered
ERPF-400-spec.pdf,ERPF-400-24,400.8,24,,ordered
ERPF-400-spec.pdf,ERPF-400-48,398.4,48,,ordered
ERS-1400-spec.pdf,ERS-1400,1400,10,,single-power-for-all
ERS-1400-spec.pdf,ERS-1400H,1400,10,,single-power-for-all
GC120-SPEC.pdf,GC120AXX-,120.2,27.2,,ordered-truncated
GC120-SPEC.pdf,GC120AXX-AD1,102,13.6,,ordered-truncated
GC120-SPEC.pdf,GC120AXX-R7B,120.2,54.4,,ordered-truncated
GC160-SPEC.pdf,GC160AXX-,160.2,27.2,,ordered-truncated
GC160-SPEC.pdf,GC160AXX-AD1,136,13.6,,ordered-truncated
GC160-SPEC.pdf,GC160AXX-R7B,160.5,54.4,,ordered-truncated
GC220-SPEC.pdf,GC220AXX-,217.6,27.2,,ordered-truncated
GC220-SPEC.pdf,GC220AXX-AD1,183.6,13.6,,ordered-truncated
GC220-SPEC.pdf,GC220AXX-R7B,217.6,54.4,,ordered-truncated
GC30B-SPEC.pdf,GC30B-0P1J,16.8,4.2,,ordered-truncated
GC30B-SPEC.pdf,GC30B-11P1J,21.6,7.2,,ordered-truncated
GC30B-SPEC.pdf,GC30B-1P1J,22.38,5.6,,ordered-truncated
GC30B-SPEC.pdf,GC30B-2P1J,25.2,8.4,,ordered-truncated
GC30B-SPEC.pdf,GC30B-4P1J,30,14.3,,ordered-truncated
GC30B-SPEC.pdf,GC30B-5P1J,27,16.8,,ordered-truncated
GC30B-SPEC.pdf,GC30B-6P1J,30,28.6,,ordered-truncated
GC30E-SPEC.pdf,GC30E-0P1J,16.8,4.2,,ordered-truncated
GC30E-SPEC.pdf,GC30E-11P1J,21.6,7.2,,ordered-truncated
GC30E-SPEC.pdf,GC30E-1P1J,22.38,5.6,,ordered-truncated
GC30E-SPEC.pdf,GC30E-2P1J,25.2,8.4,,ordered-truncated
GC30E-SPEC.pdf,GC30E-4P1J,30,14.3,,ordered-truncated
GC30E-SPEC.pdf,GC30E-5P1J,27,16.8,,ordered-truncated
GC30E-SPEC.pdf,GC30E-6P1J,30,28.6,,ordered-truncated
GC30U-SPEC.pdf,GC30U-0P1J,16.8,4.2,,ordered-truncated
GC30U-SPEC.pdf,GC30U-11P1J,21.6,7.2,,ordered-truncated
GC30U-SPEC.pdf,GC30U-1P1J,22.38,5.6,,ordered-truncated
GC30U-SPEC.pdf,GC30U-2P1J,25.2,8.4,,ordered-truncated
GC30U-SPEC.pdf,GC30U-4P1J,30,14.3,,ordered-truncated
GC30U-SPEC.pdf,GC30U-5P1J,27,16.8,,ordered-truncated
GC30U-SPEC.pdf,GC30U-6P1J,30,28.6,,ordered-truncated
GC330-SPEC.pdf,GC330A36-C4P,326.4,40.8,,ordered-truncated
GC330-SPEC.pdf,GC330A48-C4P,326.4,54.4,,ordered-truncated
GD2-spec.pdf,GD2-SIP7,2,12,,ordered
GP25A-spec.pdf,GP25A13A-R1B,28.5,5,,ordered-truncated
GP25A-spec.pdf,GP25A13D-R1B,28,12,,ordered-truncated
GP25A-spec.pdf,GP25A14E-R1B,29,5,,ordered-truncated
GP25A-spec.pdf,GP25A58F-R1B,37.77,5,,ordered-truncated
GP25B-spec.pdf,GP25B13A-R1B,28,12,,ordered-truncated
GP25B-spec.pdf,GP25B13D-R1B,29,5,,ordered-truncated
GP25B-spec.pdf,GP25B14E-R1B,37.77,5,,ordered-truncated
GP25B-spec.pdf,GP25B58F-R1B,28.5,5,,ordered-truncated
GP50A-spec.pdf,GP50A13A-R1B,46.5,5,,ordered-truncated
GP50A-spec.pdf,GP50A13D-R1B,50,12,,ordered-truncated
GP50A-spec.pdf,GP50A14E-R1B,50,5,,ordered-truncated
GP50A-spec.pdf,GP50A58F-R1B,71.2,5,,ordered-truncated
GSM120A-SPEC.pdf,GSM120A12-R7B,102,12,,ordered-truncated
GSM120A-SPEC.pdf,GSM120A15-R7B,105,15,,ordered-truncated
GSM120A-SPEC.pdf,GSM120A20-R7B,120,20,,ordered-truncated
GSM120A-SPEC.pdf,GSM120A24-R7B,120,24,,ordered-truncated
GSM120A-SPEC.pdf,GSM120A48-R7B,120,48,,ordered-truncated
GSM120B-SPEC.pdf,GSM120B12-R7B,102,12,,ordered-truncated
GSM120B-SPEC.pdf,GSM120B15-R7B,105,15,,ordered-truncated
GSM120B-SPEC.pdf,GSM120B20-R7B,120,20,,ordered-truncated
GSM120B-SPEC.pdf,GSM120B24-R7B,120,24,,ordered-truncated
GSM120B-SPEC.pdf,GSM120B48-R7B,120,48,,ordered-truncated
GSM160A-SPEC.pdf,GSM160A12-R7B,138,12,,ordered-truncated
GSM160A-SPEC.pdf,GSM160A15-R7B,144,15,,ordered-truncated
GSM160A-SPEC.pdf,GSM160A20-R7B,160,20,,ordered-truncated
GSM160A-SPEC.pdf,GSM160A24-R7B,160,24,,ordered-truncated
GSM160A-SPEC.pdf,GSM160A48-R7B,160,48,,ordered-truncated
GSM160B-SPEC.pdf,GSM160B12-R7B,138,12,,ordered-truncated
GSM160B-SPEC.pdf,GSM160B15-R7B,144,15,,ordered-truncated
GSM160B-SPEC.pdf,GSM160B20-R7B,160,20,,ordered-truncated
GSM160B-SPEC.pdf,GSM160B24-R7B,160,24,,ordered-truncated
GSM160B-SPEC.pdf,GSM160B48-R7B,160,48,,ordered-truncated
GSM18B-SPEC.pdf,GSM18B05-P1J,15,5,,ordered-truncated
GSM18B-SPEC.pdf,GSM18B07-P1J,15,7.5,,ordered-truncated
GSM18B-SPEC.pdf,GSM18B09-P1J,18,9,,ordered-truncated
GSM18B-SPEC.pdf,GSM18B12-P1J,18,12,,ordered-truncated
GSM18B-SPEC.pdf,GSM18B15-P1J,18,15,,ordered-truncated
GSM18B-SPEC.pdf,GSM18B18-P1J,18,18,,ordered-truncated
GSM18B-SPEC.pdf,GSM18B24-P1J,18,24,,ordered-truncated
GSM18B-SPEC.pdf,GSM18B48-P1J,18,48,,ordered-truncated
GSM18E-SPEC.PDF,GSM18E05-P1J,15,5,,ordered-truncated
GSM18E-SPEC.PDF,GSM18E07-P1J,15,7.5,,ordered-truncated
GSM18E-SPEC.PDF,GSM18E09-P1J,18,9,,ordered-truncated
GSM18E-SPEC.PDF,GSM18E12-P1J,18,12,,ordered-truncated
GSM18E-SPEC.PDF,GSM18E15-P1J,18,15,,ordered-truncated
GSM18E-SPEC.PDF,GSM18E18-P1J,18,18,,ordered-truncated
GSM18E-SPEC.PDF,GSM18E24-P1J,18,24,,ordered-truncated
GSM18E-SPEC.PDF,GSM18E48-P1J,18,48,,ordered-truncated
GSM18U-SPEC.PDF,GSM18U05-P1J,15,5,,ordered-truncated
GSM18U-SPEC.PDF,GSM18U07-P1J,15,7.5,,ordered-truncated
GSM18U-SPEC.PDF,GSM18U09-P1J,18,9,,ordered-truncated
GSM18U-SPEC.PDF,GSM18U12-P1J,18,12,,ordered-truncated
GSM18U-SPEC.PDF,GSM18U15-P1J,18,15,,ordered-truncated
GSM18U-SPEC.PDF,GSM18U18-P1J,18,18,,ordered-truncated
GSM18U-SPEC.PDF,GSM18U24-P1J,18,24,,ordered-truncated
GSM18U-SPEC.PDF,GSM18U48-P1J,18,48,,ordered-truncated
GSM220A-SPEC.pdf,GSM220A12-R7B,180,12,,ordered-truncated
GSM220A-SPEC.pdf,GSM220A15-R7B,201,15,,ordered-truncated
GSM220A-SPEC.pdf,GSM220A20-R7B,220,20,,ordered-truncated
GSM220A-SPEC.pdf,GSM220A24-R7B,221,24,,ordered-truncated
GSM220A-SPEC.pdf,GSM220A48-R7B,221,48,,ordered-truncated
GSM220B-SPEC.pdf,GSM220B12-R7B,180,12,,ordered-truncated
GSM220B-SPEC.pdf,GSM220B15-R7B,201,15,,ordered-truncated
GSM220B-SPEC.pdf,GSM220B20-R7B,220,20,,ordered-truncated
GSM220B-SPEC.pdf,GSM220B24-R7B,221,24,,ordered-truncated
GSM220B-SPEC.pdf,GSM220B48-R7B,221,48,,ordered-truncated
GSM25B-SPEC.pdf,GSM25B05-P1J,20,5,,ordered-truncated
GSM25B-SPEC.pdf,GSM25B07-P1J,22,7.5,,ordered-truncated
GSM25B-SPEC.pdf,GSM25B09-P1J,25,9,,ordered-truncated
GSM25B-SPEC.pdf,GSM25B12-P1J,25,12,,ordered-truncated
GSM25B-SPEC.pdf,GSM25B15-P1J,25,15,,ordered-truncated
GSM25B-SPEC.pdf,GSM25B18-P1J,25,18,,ordered-truncated
GSM25B-SPEC.pdf,GSM25B24-P1J,25,24,,ordered-truncated
GSM25B-SPEC.pdf,GSM25B48-P1J,25,48,,ordered-truncated
GSM25E-SPEC.PDF,GSM25E05-P1J,20,5,,ordered-truncated
GSM25E-SPEC.PDF,GSM25E07-P1J,22,7.5,,ordered-truncated
GSM25E-SPEC.PDF,GSM25E09-P1J,25,9,,ordered-truncated
GSM25E-SPEC.PDF,GSM25E12-P1J,25,12,,ordered-truncated
GSM25E-SPEC.PDF,GSM25E15-P1J,25,15,,ordered-truncated
GSM25E-SPEC.PDF,GSM25E18-P1J,25,18,,ordered-truncated
GSM25E-SPEC.PDF,GSM25E24-P1J,25,24,,ordered-truncated
GSM25E-SPEC.PDF,GSM25E48-P1J,25,48,,ordered-truncated
GSM25U-SPEC.PDF,GSM25U05-P1J,20,5,,ordered-truncated
GSM25U-SPEC.PDF,GSM25U07-P1J,22,7.5,,ordered-truncated
GSM25U-SPEC.PDF,GSM25U09-P1J,25,9,,ordered-truncated
GSM25U-SPEC.PDF,GSM25U12-P1J,25,12,,ordered-truncated
GSM25U-SPEC.PDF,GSM25U15-P1J,25,15,,ordered-truncated
GSM25U-SPEC.PDF,GSM25U18-P1J,25,18,,ordered-truncated
GSM25U-SPEC.PDF,GSM25U24-P1J,25,24,,ordered-truncated
GSM25U-SPEC.PDF,GSM25U48-P1J,25,48,,ordered-truncated
GSM36B-SPEC.pdf,GSM36B05-P1J,22.5,5,,ordered-truncated
GSM36B-SPEC.pdf,GSM36B07-P1J,32.4,7.5,,ordered-truncated
GSM36B-SPEC.pdf,GSM36B09-P1J,36,9,,ordered-truncated
GSM36B-SPEC.pdf,GSM36B12-P1J,36,12,,ordered-truncated
GSM36B-SPEC.pdf,GSM36B15-P1J,36,15,,ordered-truncated
GSM36B-SPEC.pdf,GSM36B18-P1J,36,18,,ordered-truncated
GSM36B-SPEC.pdf,GSM36B24-P1J,36,24,,ordered-truncated
GSM36B-SPEC.pdf,GSM36B48-P1J,36,48,,ordered-truncated
GSM36E-SPEC.PDF,GSM36E05-P1J,22.5,5,,ordered-truncated
GSM36E-SPEC.PDF,GSM36E07-P1J,32.4,7.5,,ordered-truncated
GSM36E-SPEC.PDF,GSM36E09-P1J,36,9,,ordered-truncated
GSM36E-SPEC.PDF,GSM36E12-P1J,36,12,,ordered-truncated
GSM36E-SPEC.PDF,GSM36E15-P1J,36,15,,ordered-truncated
GSM36E-SPEC.PDF,GSM36E18-P1J,36,18,,ordered-truncated
GSM36E-SPEC.PDF,GSM36E24-P1J,36,24,,ordered-truncated
GSM36E-SPEC.PDF,GSM36E48-P1J,36,48,,ordered-truncated
GSM36U-SPEC.PDF,GSM36U05-P1J,22.5,5,,ordered-truncated
GSM36U-SPEC.PDF,GSM36U07-P1J,32.4,7.5,,ordered-truncated
GSM36U-SPEC.PDF,GSM36U09-P1J,36,9,,ordered-truncated
GSM36U-SPEC.PDF,GSM36U12-P1J,36,12,,ordered-truncated
GSM36U-SPEC.PDF,GSM36U15-P1J,36,15,,ordered-truncated
GSM36U-SPEC.PDF,GSM36U18-P1J,36,18,,ordered-truncated
GSM36U-SPEC.PDF,GSM36U24-P1J,36,24,,ordered-truncated
GSM36U-SPEC.PDF,GSM36U48-P1J,36,48,,ordered-truncated
GSM40A-SPEC.pdf,GSM40A05-P1J,25,5,,ordered-truncated
GSM40A-SPEC.pdf,GSM40A07-P1J,40,7.5,,ordered-truncated
GSM40A-SPEC.pdf,GSM40A09-P1J,40,9,,ordered-truncated
GSM40A-SPEC.pdf,GSM40A12-P1J,40,12,,ordered-truncated
GSM40A-SPEC.pdf,GSM40A15-P1J,40,15,,ordered-truncated
GSM40A-SPEC.pdf,GSM40A18-P1J,40,18,,ordered-truncated
GSM40A-SPEC.pdf,GSM40A24-P1J,40,24,,ordered-truncated
GSM40A-SPEC.pdf,GSM40A48-P1J,40,48,,ordered-truncated
GSM40B-SPEC.pdf,GSM40B05-P1J,25,5,,ordered-truncated
GSM40B-SPEC.pdf,GSM40B07-P1J,40,7.5,,ordered-truncated
GSM40B-SPEC.pdf,GSM40B09-P1J,40,9,,ordered-truncated
GSM40B-SPEC.pdf,GSM40B12-P1J,40,12,,ordered-truncated
GSM40B-SPEC.pdf,GSM40B15-P1J,40,15,,ordered-truncated
GSM40B-SPEC.pdf,GSM40B18-P1J,40,18,,ordered-truncated
GSM40B-SPEC.pdf,GSM40B24-P1J,40,24,,ordered-truncated
GSM40B-SPEC.pdf,GSM40B48-P1J,40,48,,ordered-truncated
GSM60A-SPEC.pdf,GSM60A05-P1J,30,5,,ordered-truncated
GSM60A-SPEC.pdf,GSM60A07-P1J,45,7.5,,ordered-truncated
GSM60A-SPEC.pdf,GSM60A09-P1J,54,9,,ordered-truncated
GSM60A-SPEC.pdf,GSM60A12-P1J,60,12,,ordered-truncated
GSM60A-SPEC.pdf,GSM60A15-P1J,60,15,,ordered-truncated
GSM60A-SPEC.pdf,GSM60A18-P1J,60,18,,ordered-truncated
GSM60A-SPEC.pdf,GSM60A24-P1J,60,24,,ordered-truncated
GSM60A-SPEC.pdf,GSM60A48-P1J,60,48,,ordered-truncated
GSM60B-SPEC.pdf,GSM60B05-P1J,30,5,,ordered-truncated
GSM60B-SPEC.pdf,GSM60B07-P1J,45,7.5,,ordered-truncated
GSM60B-SPEC.pdf,GSM60B09-P1J,54,9,,ordered-truncated
GSM60B-SPEC.pdf,GSM60B12-P1J,60,12,,ordered-truncated
GSM60B-SPEC.pdf,GSM60B15-P1J,60,15,,ordered-truncated
GSM60B-SPEC.pdf,GSM60B18-P1J,60,18,,ordered-truncated
GSM60B-SPEC.pdf,GSM60B24-P1J,60,24,,ordered-truncated
GSM60B-SPEC.pdf,GSM60B48-P1J,60,48,,ordered-truncated
GSM90A-SPEC.pdf,GSM90A,80,12,,single-model-first-power
GSM90B-SPEC.pdf,GSM90B12-P1M,80,12,,ordered-truncated
GSM90B-SPEC.pdf,GSM90B15-P1M,90,15,,ordered-truncated
GSM90B-SPEC.pdf,GSM90B19-P1M,90,19,,ordered-truncated
GSM90B-SPEC.pdf,GSM90B24-P1M,90,24,,ordered-truncated
GSM90B-SPEC.pdf,GSM90B48-P1M,90,48,,ordered-truncated
GST120A-SPEC.pdf,GST120A12,120,24,,ordered-truncated
GST120A-SPEC.pdf,GST120A12-R7B,102,12,,ordered-truncated
GST120A-SPEC.pdf,GST120A15,120,48,,ordered-truncated
GST120A-SPEC.pdf,GST120A15-R7B,105,15,,ordered-truncated
GST120A-SPEC.pdf,GST120A15-R7B-R7B,120,20,,ordered-truncated
GST160A-SPEC.pdf,GST160A12-R7B,138,12,,ordered-truncated
GST160A-SPEC.pdf,GST160A15-R7B,144,15,,ordered-truncated
GST160A-SPEC.pdf,GST160A20-R7B,160,20,,ordered-truncated
GST160A-SPEC.pdf,GST160A24-R7B,160,24,,ordered-truncated
GST160A-SPEC.pdf,GST160A36-R7B,160,36,,ordered-truncated
GST160A-SPEC.pdf,GST160A48-R7B,160,48,,ordered-truncated
GST18A-SPEC.pdf,GST18A05-P1J,15,18,,ordered-truncated
GST18A-SPEC.pdf,GST18A07-P1J,15,24,,ordered-truncated
GST18A-SPEC.pdf,GST18A09-P1J,18,28,,ordered-truncated
GST18A-SPEC.pdf,GST18A12-P1J,18,48,,ordered-truncated
GST18A-SPEC.pdf,GST18A15-P1J,18,,,ordered-truncated
GST18A-SPEC.pdf,GST18A18-P1J,18,,,ordered-truncated
GST18A-SPEC.pdf,GST18A24-P1J,18,,,ordered-truncated
GST18A-SPEC.pdf,GST18A28-P1J,18,,,ordered-truncated
GST18A-SPEC.pdf,GST18A48-P1J,18,,,ordered-truncated
GST18B-SPEC.pdf,GST18B05-P1J,18,5,,ordered-truncated
GST18B-SPEC.pdf,GST18B07-P1J,18,7.5,,ordered-truncated
GST18E-SPEC.pdf,GST18E05-P1J,15,5,,ordered-truncated
GST18E-SPEC.pdf,GST18E07-P1J,15,7.5,,ordered-truncated
GST18E-SPEC.pdf,GST18E09-P1J,18,9,,ordered-truncated
GST18E-SPEC.pdf,GST18E12-P1J,18,12,,ordered-truncated
GST18E-SPEC.pdf,GST18E15-P1J,18,15,,ordered-truncated
GST18E-SPEC.pdf,GST18E18-P1J,18,18,,ordered-truncated
GST18E-SPEC.pdf,GST18E24-P1J,18,24,,ordered-truncated
GST18E-SPEC.pdf,GST18E28-P1J,18,28,,ordered-truncated
GST18E-SPEC.pdf,GST18E48-P1J,18,48,,ordered-truncated
GST18U-SPEC.pdf,GST18U05-P1J,15,5,,ordered-truncated
GST18U-SPEC.pdf,GST18U07-P1J,15,7.5,,ordered-truncated
GST18U-SPEC.pdf,GST18U09-P1J,18,9,,ordered-truncated
GST18U-SPEC.pdf,GST18U12-P1J,18,12,,ordered-truncated
GST18U-SPEC.pdf,GST18U15-P1J,18,15,,ordered-truncated
GST18U-SPEC.pdf,GST18U18-P1J,18,18,,ordered-truncated
GST18U-SPEC.pdf,GST18U24-P1J,18,24,,ordered-truncated
GST18U-SPEC.pdf,GST18U28-P1J,18,28,,ordered-truncated
GST18U-SPEC.pdf,GST18U48-P1J,18,48,,ordered-truncated
GST220A-SPEC.pdf,GST220A12-R7B,180,12,,ordered-truncated
GST220A-SPEC.pdf,GST220A15-R7B,201,15,,ordered-truncated
GST220A-SPEC.pdf,GST220A20-R7B,220,20,,ordered-truncated
GST220A-SPEC.pdf,GST220A24-R7B,221,24,,ordered-truncated
GST220A-SPEC.pdf,GST220A36-R7B,219.6,36,,ordered-truncated
GST220A-SPEC.pdf,GST220A48-R7B,221,48,,ordered-truncated
GST25A-SPEC.pdf,GST25A05-P1J,20,5,,ordered-truncated
GST25A-SPEC.pdf,GST25A07-P1J,22,7.5,,ordered-truncated
GST25A-SPEC.pdf,GST25A09-P1J,23,9,,ordered-truncated
GST25A-SPEC.pdf,GST25A12-P1J,25,12,,ordered-truncated
GST25A-SPEC.pdf,GST25A15-P1J,25,15,,ordered-truncated
GST25A-SPEC.pdf,GST25A18-P1J,25,18,,ordered-truncated
GST25A-SPEC.pdf,GST25A24-P1J,25,24,,ordered-truncated
GST25A-SPEC.pdf,GST25A28-P1J,25,28,,ordered-truncated
GST25A-SPEC.pdf,GST25A48-P1J,25,48,,ordered-truncated
GST25B-SPEC.pdf,GST25B05-P1J,20,5,,ordered-truncated
GST25B-SPEC.pdf,GST25B07-P1J,22,7.5,,ordered-truncated
GST25B-SPEC.pdf,GST25B09-P1J,23,9,,ordered-truncated
GST25B-SPEC.pdf,GST25B12-P1J,25,12,,ordered-truncated
GST25B-SPEC.pdf,GST25B15-P1J,25,15,,ordered-truncated
GST25B-SPEC.pdf,GST25B18-P1J,25,18,,ordered-truncated
GST25B-SPEC.pdf,GST25B24-P1J,25,24,,ordered-truncated
GST25B-SPEC.pdf,GST25B28-P1J,25,28,,ordered-truncated
GST25B-SPEC.pdf,GST25B48-P1J,25,48,,ordered-truncated
GST25E-SPEC.pdf,GST25E05-P1J,20,5,,ordered-truncated
GST25E-SPEC.pdf,GST25E07-P1J,22,7.5,,ordered-truncated
GST25E-SPEC.pdf,GST25E09-P1J,23,9,,ordered-truncated
GST25E-SPEC.pdf,GST25E12-P1J,25,12,,ordered-truncated
GST25E-SPEC.pdf,GST25E15-P1J,25,15,,ordered-truncated
GST25E-SPEC.pdf,GST25E18-P1J,25,18,,ordered-truncated
GST25E-SPEC.pdf,GST25E24-P1J,25,24,,ordered-truncated
GST25E-SPEC.pdf,GST25E28-P1J,25,28,,ordered-truncated
GST25E-SPEC.pdf,GST25E48-P1J,25,48,,ordered-truncated
GST25U-SPEC.pdf,GST25U05-P1J,20,5,,ordered-truncated
GST25U-SPEC.pdf,GST25U07-P1J,22,7.5,,ordered-truncated
GST25U-SPEC.pdf,GST25U09-P1J,23,9,,ordered-truncated
GST25U-SPEC.pdf,GST25U12-P1J,25,12,,ordered-truncated
GST25U-SPEC.pdf,GST25U15-P1J,25,15,,ordered-truncated
GST25U-SPEC.pdf,GST25U18-P1J,25,18,,ordered-truncated
GST25U-SPEC.pdf,GST25U24-P1J,25,24,,ordered-truncated
GST25U-SPEC.pdf,GST25U28-P1J,25,28,,ordered-truncated
GST25U-SPEC.pdf,GST25U48-P1J,25,48,,ordered-truncated
GST280A-SPEC.pdf,GST280A12-C6P,252,12,,ordered-truncated
GST280A-SPEC.pdf,GST280A15-C6P,255,15,,ordered-truncated
GST280A-SPEC.pdf,GST280A20-C6P,260,20,,ordered-truncated
GST280A-SPEC.pdf,GST280A24-C6P,280.08,24,,ordered-truncated
GST280A-SPEC.pdf,GST280A48-C6P,280.32,48,,ordered-truncated
GST360A-spec.pdf,GST360A12-C8P,360,24,,ordered-truncated
GST360A-spec.pdf,GST360A15-C8P,360,36,,ordered-truncated
GST360A-spec.pdf,GST360A48-C6P,330,12,,ordered-truncated
GST360A-spec.pdf,GST360A55-C6P,340.5,15,,ordered-truncated
GST360B-spec.pdf,GST360B12-C8P,360,24,,ordered-truncated
GST360B-spec.pdf,GST360B15-C8P,360,36,,ordered-truncated
GST360B-spec.pdf,GST360B48-C6P,330,12,,ordered-truncated
GST360B-spec.pdf,GST360B55-C6P,340.5,15,,ordered-truncated
GST36B-SPEC.pdf,GST36B05-P1J,21.5,5,,ordered-truncated
GST36B-SPEC.pdf,GST36B09-P1J,28,9,,ordered-truncated
GST36B-SPEC.pdf,GST36B12-P1J,36,12,,ordered-truncated
GST36B-SPEC.pdf,GST36B24-P1J,36,24,,ordered-truncated
GST36B-SPEC.pdf,GST36B48-P1J,36,48,,ordered-truncated
GST36E-SPEC.pdf,GST36E05-P1J,21.5,5,,ordered-truncated
GST36E-SPEC.pdf,GST36E09-P1J,28,9,,ordered-truncated
GST36E-SPEC.pdf,GST36E12-P1J,36,12,,ordered-truncated
GST36E-SPEC.pdf,GST36E24-P1J,36,24,,ordered-truncated
GST36E-SPEC.pdf,GST36E48-P1J,36,48,,ordered-truncated
GST36U-SPEC.pdf,GST36U05-P1J,21.5,5,,ordered-truncated
GST36U-SPEC.pdf,GST36U09-P1J,28,9,,ordered-truncated
GST36U-SPEC.pdf,GST36U12-P1J,36,12,,ordered-truncated
GST36U-SPEC.pdf,GST36U24-P1J,36,24,,ordered-truncated
GST36U-SPEC.pdf,GST36U48-P1J,36,48,,ordered-truncated
GST40A-SPEC.pdf,GST40A05-P1J,25,5,,ordered-truncated
GST40A-SPEC.pdf,GST40A07-P1J,40,7.5,,ordered-truncated
GST40A-SPEC.pdf,GST40A09-P1J,40,9,,ordered-truncated
GST40A-SPEC.pdf,GST40A12-P1J,40,12,,ordered-truncated
GST40A-SPEC.pdf,GST40A15-P1J,40,15,,ordered-truncated
GST40A-SPEC.pdf,GST40A18-P1J,40,18,,ordered-truncated
GST40A-SPEC.pdf,GST40A24-P1J,40,24,,ordered-truncated
GST40A-SPEC.pdf,GST40A48-P1J,40,48,,ordered-truncated
GST60A-SPEC.pdf,GST60A05-P1J,30,5,,ordered-truncated
GST60A-SPEC.pdf,GST60A07-P1J,45,7.5,,ordered-truncated
GST60A-SPEC.pdf,GST60A09-P1J,54,9,,ordered-truncated
GST60A-SPEC.pdf,GST60A12-P1J,60,12,,ordered-truncated
GST60A-SPEC.pdf,GST60A15-P1J,60,15,,ordered-truncated
GST60A-SPEC.pdf,GST60A18-P1J,60,18,,ordered-truncated
GST60A-SPEC.pdf,GST60A24-P1J,60,24,,ordered-truncated
GST60A-SPEC.pdf,GST60A48-P1J,60,48,,ordered-truncated
GST90A-SPEC.pdf,GST90A12-P1M,80,12,,ordered-truncated
GST90A-SPEC.pdf,GST90A15-P1M,90,15,,ordered-truncated
GST90A-SPEC.pdf,GST90A19-P1M,90,19,,ordered-truncated
GST90A-SPEC.pdf,GST90A24-P1M,90,24,,ordered-truncated
GST90A-SPEC.pdf,GST90A48-P1M,90,48,,ordered-truncated
GSV30-spec.pdf,GSV30-12-P1J,30,12,,single-model-first-power
GSV60-spec.pdf,GSV60-12-P1J,50,12,,single-model-first-power
HBG-100-spec.pdf,HBG-100-24,96,36,Blank|A|B|AB|DA,ordered-truncated
HBG-100(DA)-SPEC.PDF,HBG-100-24,96,36,Blank|A|B|AB|DA,ordered-truncated
HBG-100-spec.pdf,HBG-100-60,97.2,24,Blank|A|B|AB|DA,ordered-truncated
HBG-100(DA)-SPEC.PDF,HBG-100-60,97.2,24,Blank|A|B|AB|DA,ordered-truncated
HBG-100P-spec.pdf,HBG-100P-36,96,60,A|B,ordered-truncated
HBG-100P(DA)-SPEC.PDF,HBG-100P-36,96,60,A|B,ordered-truncated
HBG-100P-spec.pdf,HBG-100P-60,97.2,36,A|B,ordered-truncated
HBG-100P(DA)-SPEC.PDF,HBG-100P-60,97.2,36,A|B,ordered-truncated
HBG-160-spec.pdf,HBG-160-24,156,36,Blank|A|B|AB|DA,ordered-truncated
HBG-160(DA)-SPEC.PDF,HBG-160-24,156,36,Blank|A|B|AB|DA,ordered-truncated
HBG-160-spec.pdf,HBG-160-60,158.4,24,Blank|A|B|AB|DA,ordered-truncated
HBG-160(DA)-SPEC.PDF,HBG-160-60,158.4,24,Blank|A|B|AB|DA,ordered-truncated
HBG-160P-spec.pdf,HBG-160P-36,158.4,48,A|B,ordered-truncated
HBG-160P(DA)-SPEC.PDF,HBG-160P-36,158.4,48,A|B,ordered-truncated
HBG-160P-spec.pdf,HBG-160P-60,158.4,36,A|B,ordered-truncated
HBG-160P(DA)-SPEC.PDF,HBG-160P-60,158.4,36,A|B,ordered-truncated
HBG-200-spec.pdf,HBG-200-48,196.8,48,Blank|A|B|AB|DA,x-position
HBG-200(DA)-SPEC.PDF,HBG-200-48,196.8,48,Blank|A|B|AB|DA,x-position
HBG-240-spec.pdf,HBG-240-24,240,36,Blank|A|B|AB|DA,ordered-truncated
HBG-240(DA)-SPEC.PDF,HBG-240-24,240,36,Blank|A|B|AB|DA,ordered-truncated
HBG-240-spec.pdf,HBG-240-60,240,24,Blank|A|B|AB|DA,ordered-truncated
HBG-240(DA)-SPEC.PDF,HBG-240-60,240,24,Blank|A|B|AB|DA,ordered-truncated
HBG-240P-SPEC.pdf,HBG-240P-36,240,48,A|B,ordered-truncated
HBG-240P-SPEC.pdf,HBG-240P-60,241.2,36,A|B,ordered-truncated
HBG-60-SPEC.pdf,HBG-60-1050,57.75,43,,ordered-truncated
HBG-60-P-spec.pdf,HBG-60-1050P,57.75,43,,ordered-truncated
HBG-60-SPEC.pdf,HBG-60-1400,60.9,29,,ordered-truncated
HBG-60-P-spec.pdf,HBG-60-1400P,60.9,29,,ordered-truncated
HBGC-300-spec.pdf,HBGC-300-H-,301.6,58,,ordered
HBGC-300-spec.pdf,HBGC-300-L-,301.6,232,,ordered
HBGC-300-spec.pdf,HBGC-300-M-,301.6,116,,ordered
HDR-150.pdf,HDR-1,127.4,12,,single-model-first-power
HDR-100.pdf,HDR-100-12,100,12,,single-power-for-all
HDR-100.pdf,HDR-100-12N,100,24,,single-power-for-all
HDR-100.pdf,HDR-100-15,100,,,single-power-for-all
HDR-100.pdf,HDR-100-15N,100,48,,single-power-for-all
HDR-100.pdf,HDR-100-24,100,,,single-power-for-all
HDR-100.pdf,HDR-100-24N,100,,,single-power-for-all
HDR-100.pdf,HDR-100-48,100,,,single-power-for-all
HDR-100.pdf,HDR-100-48N,100,,,single-power-for-all
HDR-15.pdf,HDR-15-48,15.4,48,,ordered-truncated
HDR-15.pdf,HDR-15-5,12,5,,ordered-truncated
HDR-30.pdf,HDR-30-12,24,5,,ordered
HDR-30.pdf,HDR-30-15,30,5,,ordered
HDR-30.pdf,HDR-30-24,36,5,,ordered
HDR-30.pdf,HDR-30-48,36,5,,ordered
HDR-30.pdf,HDR-30-5,15,5,,ordered
HDR-60.pdf,HDR-60-12,60,15,,ordered-truncated
HDR-60.pdf,HDR-60-15,60,24,,ordered-truncated
HDR-60.pdf,HDR-60-48,60,12,,ordered-truncated
HDR-60.pdf,HDR-60-5,54,5,,ordered-truncated
HEP-100-SPEC.PDF,HEP-100-12,100.08,12,,ordered
HEP-100-SPEC.PDF,HEP-100-15,100.05,15,,ordered
HEP-100-SPEC.PDF,HEP-100-24,96,24,,ordered
HEP-100-SPEC.PDF,HEP-100-36,95.4,36,,ordered
HEP-100-SPEC.PDF,HEP-100-48,96,48,,ordered
HEP-100-SPEC.PDF,HEP-100-54,95.58,54,,ordered
HEP-1000-spec.pdf,HEP-1000-100,1000,100,Blank|TERMINAL|CAN|PM,ordered
HEP-1000-spec.pdf,HEP-1000-24,1008,24,Blank|TERMINAL|CAN|PM,ordered
HEP-1000-spec.pdf,HEP-1000-48,1008,48,Blank|TERMINAL|CAN|PM,ordered
HEP-150-SPEC.PDF,HEP-150-12,150,12,,ordered
HEP-150-SPEC.PDF,HEP-150-15,150,15,,ordered
HEP-150-SPEC.PDF,HEP-150-24,151.2,24,,ordered
HEP-150-SPEC.PDF,HEP-150-36,151.2,36,,ordered
HEP-150-SPEC.PDF,HEP-150-48,153.6,48,,ordered
HEP-150-SPEC.PDF,HEP-150-54,151.2,54,,ordered
HEP-185-SPEC.PDF,HEP-185-12,156,12,,ordered
HEP-185-SPEC.PDF,HEP-185-15,172,15,,ordered
HEP-185-SPEC.PDF,HEP-185-24,187.2,24,,ordered
HEP-185-SPEC.PDF,HEP-185-36,187.2,36,,ordered
HEP-185-SPEC.PDF,HEP-185-48,187.2,48,,ordered
HEP-185-SPEC.PDF,HEP-185-54,186.3,54,,ordered
HEP-2300-HV-spec.pdf,HEP-2300,2300,115,Blank|TERMINAL|PM,ordered-truncated
HEP-2300-HV-spec.pdf,HEP-2300-115,2300,230,Blank|TERMINAL|PM,ordered-truncated
HEP-2300-HV-spec.pdf,HEP-2300-230,2300,380,Blank|TERMINAL|PM,ordered-truncated
HEP-2300-spec.pdf,HEP-2300-55,2300,57.6,Blank|TERMINAL|PM,single-power-for-all
HEP-2300-spec.pdf,HEP-2300-55-400AH,2300,57.6,Blank|TERMINAL|PM,single-power-for-all
HEP-240-SPEC.PDF,HEP-240-12,192,12,,ordered
HEP-240-SPEC.PDF,HEP-240-15,225,15,,ordered
HEP-240-SPEC.PDF,HEP-240-24,240,24,,ordered
HEP-240-SPEC.PDF,HEP-240-36,241.2,36,,ordered
HEP-240-SPEC.PDF,HEP-240-48,240,48,,ordered
HEP-240-SPEC.PDF,HEP-240-54,240.3,54,,ordered
HEP-320-SPEC.PDF,HEP-320-12,264,12,,ordered
HEP-320-SPEC.PDF,HEP-320-15,285,15,,ordered
HEP-320-SPEC.PDF,HEP-320-24,320.16,24,,ordered
HEP-320-SPEC.PDF,HEP-320-36,320.4,36,,ordered
HEP-320-SPEC.PDF,HEP-320-48,321.6,48,,ordered
HEP-320-SPEC.PDF,HEP-320-54,321.3,54,,ordered
HEP-480-spec.pdf,HEP-480-24,480,24,,ordered
HEP-480-spec.pdf,HEP-480-36,478.8,36,,ordered
HEP-480-spec.pdf,HEP-480-48,480,48,,ordered
HEP-480-spec.pdf,HEP-480-54,480.6,54,,ordered
HEP-600-SPEC.PDF,HEP-600-12,480,12,,x-position
HEP-600-SPEC.PDF,HEP-600-15,540,15,,x-position
HEP-600-SPEC.PDF,HEP-600-20,560,20,,x-position
HEP-600-SPEC.PDF,HEP-600-24,600,24,,x-position
HEP-600-SPEC.PDF,HEP-600-30,600,30,,x-position
HEP-600-SPEC.PDF,HEP-600-36,600,48,,x-position
HEP-600-SPEC.PDF,HEP-600-42,604.8,54,,x-position
HEP-600C-SPEC.pdf,HEP-600C-12,600,14.4,,single-power-for-all
HEP-600C-SPEC.pdf,HEP-600C-24,600,28.8,,single-power-for-all
HEP-600C-SPEC.pdf,HEP-600C-48,600,57.6,,single-power-for-all
HLG-100H-SPEC.pdf,HLG-100H-20,96,20,Blank|A|B|AB|D,x-position
HLG-100H.pdf,HLG-100H-20,96,20,Blank|A|B|AB|D,x-position
HLG-100H-SPEC.pdf,HLG-100H-24,96,24,Blank|A|B|AB|D,x-position
HLG-100H.pdf,HLG-100H-24,96,24,Blank|A|B|AB|D,x-position
HLG-100H-SPEC.pdf,HLG-100H-30,96,30,Blank|A|B|AB|D,x-position
HLG-100H.pdf,HLG-100H-30,96,30,Blank|A|B|AB|D,x-position
HLG-100H-SPEC.pdf,HLG-100H-36,96,48,Blank|A|B|AB|D,x-position
HLG-100H.pdf,HLG-100H-36,96,48,Blank|A|B|AB|D,x-position
HLG-100H-SPEC.pdf,HLG-100H-42,95.58,54,Blank|A|B|AB|D,x-position
HLG-100H.pdf,HLG-100H-42,95.58,54,Blank|A|B|AB|D,x-position
HLG-120H-SPEC.pdf,HLG-120H-12,120,12,Blank|A|B|AB|D,ordered
HLG-120H.pdf,HLG-120H-12,120,12,Blank|A|B|AB|D,ordered
HLG-120H-SPEC.pdf,HLG-120H-15,120,15,Blank|A|B|AB|D,ordered
HLG-120H.pdf,HLG-120H-15,120,15,Blank|A|B|AB|D,ordered
HLG-120H-SPEC.pdf,HLG-120H-20,120,20,Blank|A|B|AB|D,ordered
HLG-120H.pdf,HLG-120H-20,120,20,Blank|A|B|AB|D,ordered
HLG-120H-SPEC.pdf,HLG-120H-24,120,24,Blank|A|B|AB|D,ordered
HLG-120H.pdf,HLG-120H-24,120,24,Blank|A|B|AB|D,ordered
HLG-120H-SPEC.pdf,HLG-120H-30,120,30,Blank|A|B|AB|D,ordered
HLG-120H.pdf,HLG-120H-30,120,30,Blank|A|B|AB|D,ordered
HLG-120H-SPEC.pdf,HLG-120H-48,120,48,Blank|A|B|AB|D,ordered
HLG-120H.pdf,HLG-120H-48,120,48,Blank|A|B|AB|D,ordered
HLG-120H-SPEC.pdf,HLG-120H-54,124.2,54,Blank|A|B|AB|D,ordered
HLG-120H.pdf,HLG-120H-54,124.2,54,Blank|A|B|AB|D,ordered
HLG-120H-C-SPEC.pdf,HLG-120H-C1050,155.4,107,A|B|AB|D,ordered-truncated
HLG-120H-C-SPEC.pdf,HLG-120H-C1400,151.2,215,A|B|AB|D,ordered-truncated
HLG-120H-C-SPEC.pdf,HLG-120H-C350,150.5,430,A|B|AB|D,ordered-truncated
HLG-120H-C-SPEC.pdf,HLG-120H-C500,150,150,A|B|AB|D,ordered-truncated
HLG-120H-C-SPEC.pdf,HLG-120H-C700,150.5,300,A|B|AB|D,ordered-truncated
HLG-150H-SPEC.pdf,HLG-150H-12,150,12,Blank|A|B|AB|D,ordered
HLG-150H.pdf,HLG-150H-12,150,12,Blank|A|B|AB|D,ordered
HLG-150H-SPEC.pdf,HLG-150H-15,150,15,Blank|A|B|AB|D,ordered
HLG-150H.pdf,HLG-150H-15,150,15,Blank|A|B|AB|D,ordered
HLG-150H-SPEC.pdf,HLG-150H-20,150,20,Blank|A|B|AB|D,ordered
HLG-150H.pdf,HLG-150H-20,150,20,Blank|A|B|AB|D,ordered
HLG-150H-SPEC.pdf,HLG-150H-24,151.2,24,Blank|A|B|AB|D,ordered
HLG-150H.pdf,HLG-150H-24,151.2,24,Blank|A|B|AB|D,ordered
HLG-150H-SPEC.pdf,HLG-150H-30,150,30,Blank|A|B|AB|D,ordered
HLG-150H.pdf,HLG-150H-30,150,30,Blank|A|B|AB|D,ordered
HLG-150H-SPEC.pdf,HLG-150H-48,153.6,48,Blank|A|B|AB|D,ordered
HLG-150H.pdf,HLG-150H-48,153.6,48,Blank|A|B|AB|D,ordered
HLG-150H-SPEC.pdf,HLG-150H-54,151.2,54,Blank|A|B|AB|D,ordered
HLG-150H.pdf,HLG-150H-54,151.2,54,Blank|A|B|AB|D,ordered
HLG-185H-SPEC.pdf,HLG-185H-12,156,12,Blank|A|B|AB|D,ordered
HLG-185H.pdf,HLG-185H-12,156,12,Blank|A|B|AB|D,ordered
HLG-185H-SPEC.pdf,HLG-185H-15,172.5,15,Blank|A|B|AB|D,ordered
HLG-185H.pdf,HLG-185H-15,172.5,15,Blank|A|B|AB|D,ordered
HLG-185H-SPEC.pdf,HLG-185H-20,186,20,Blank|A|B|AB|D,ordered
HLG-185H.pdf,HLG-185H-20,186,20,Blank|A|B|AB|D,ordered
HLG-185H-SPEC.pdf,HLG-185H-24,187.2,24,Blank|A|B|AB|D,ordered
HLG-185H.pdf,HLG-185H-24,187.2,24,Blank|A|B|AB|D,ordered
HLG-185H-SPEC.pdf,HLG-185H-30,186,30,Blank|A|B|AB|D,ordered
HLG-185H.pdf,HLG-185H-30,186,30,Blank|A|B|AB|D,ordered
HLG-185H-SPEC.pdf,HLG-185H-48,187.2,48,Blank|A|B|AB|D,ordered
HLG-185H.pdf,HLG-185H-48,187.2,48,Blank|A|B|AB|D,ordered
HLG-185H-SPEC.pdf,HLG-185H-54,186.3,54,Blank|A|B|AB|D,ordered
HLG-185H.pdf,HLG-185H-54,186.3,54,Blank|A|B|AB|D,ordered
HLG-185H-C-SPEC.pdf,HLG-185H-C1050,199.5,95,A|B|AB|D,ordered
HLG-185H-C-SPEC.pdf,HLG-185H-C1400,200.2,71,A|B|AB|D,ordered
HLG-185H-C-SPEC.pdf,HLG-185H-C500,200,200,A|B|AB|D,ordered
HLG-185H-C-SPEC.pdf,HLG-185H-C700,200.2,143,A|B|AB|D,ordered
HLG-240H-spec.pdf,HLG-240H-12,192,12,Blank|A|B|AB|C|D,ordered
HLG-240H.pdf,HLG-240H-12,192,12,Blank|A|B|AB|C|D,ordered
HLG-240H-spec.pdf,HLG-240H-15,225,15,Blank|A|B|AB|C|D,ordered
HLG-240H.pdf,HLG-240H-15,225,15,Blank|A|B|AB|C|D,ordered
HLG-240H-spec.pdf,HLG-240H-20,240,20,Blank|A|B|AB|C|D,ordered
HLG-240H.pdf,HLG-240H-20,240,20,Blank|A|B|AB|C|D,ordered
HLG-240H-spec.pdf,HLG-240H-24,240,24,Blank|A|B|AB|C|D,ordered
HLG-240H.pdf,HLG-240H-24,240,24,Blank|A|B|AB|C|D,ordered
HLG-240H-spec.pdf,HLG-240H-30,240,30,Blank|A|B|AB|C|D,ordered
HLG-240H.pdf,HLG-240H-30,240,30,Blank|A|B|AB|C|D,ordered
HLG-240H-spec.pdf,HLG-240H-48,240,48,Blank|A|B|AB|C|D,ordered
HLG-240H.pdf,HLG-240H-48,240,48,Blank|A|B|AB|C|D,ordered
HLG-240H-spec.pdf,HLG-240H-54,240.3,54,Blank|A|B|AB|C|D,ordered
HLG-240H.pdf,HLG-240H-54,240.3,54,Blank|A|B|AB|C|D,ordered
HLG-240H-C-SPEC.pdf,HLG-240H-C1050,250.25,241,A|B|AB|DX|D2,x-position
HLG-240H-C-SPEC.pdf,HLG-240H-C1400,249.9,182,A|B|AB|DX|D2,x-position
HLG-240H-C-SPEC.pdf,HLG-240H-C700,249.9,360,A|B|AB|DX|D2,x-position
HLG-320H-SPEC.pdf,HLG-320H-12,264,12,Blank|A|B|AB|C|D,ordered
HLG-320H.pdf,HLG-320H-12,264,12,Blank|A|B|AB|C|D,ordered
HLG-320H-SPEC.pdf,HLG-320H-15,285,15,Blank|A|B|AB|C|D,ordered
HLG-320H.pdf,HLG-320H-15,285,15,Blank|A|B|AB|C|D,ordered
HLG-320H-SPEC.pdf,HLG-320H-20,300,20,Blank|A|B|AB|C|D,ordered
HLG-320H.pdf,HLG-320H-20,300,20,Blank|A|B|AB|C|D,ordered
HLG-320H-SPEC.pdf,HLG-320H-24,320.16,24,Blank|A|B|AB|C|D,ordered
HLG-320H.pdf,HLG-320H-24,320.16,24,Blank|A|B|AB|C|D,ordered
HLG-320H-SPEC.pdf,HLG-320H-30,321,30,Blank|A|B|AB|C|D,ordered
HLG-320H.pdf,HLG-320H-30,321,30,Blank|A|B|AB|C|D,ordered
HLG-320H-SPEC.pdf,HLG-320H-48,321.6,48,Blank|A|B|AB|C|D,ordered
HLG-320H.pdf,HLG-320H-48,321.6,48,Blank|A|B|AB|C|D,ordered
HLG-320H-SPEC.pdf,HLG-320H-54,321.3,54,Blank|A|B|AB|C|D,ordered
HLG-320H.pdf,HLG-320H-54,321.3,54,Blank|A|B|AB|C|D,ordered
HLG-320H-C-SPEC.pdf,HLG-320H-C1050,320.25,187,A|B|DA|AB|DX,x-position
HLG-320H-C-SPEC.pdf,HLG-320H-C1400,319.2,156,A|B|DA|AB|DX,x-position
HLG-320H-C-SPEC.pdf,HLG-320H-C1750,319.2,118,A|B|DA|AB|DX,x-position
HLG-320H-C-SPEC.pdf,HLG-320H-C2100,318.5,95,A|B|DA|AB|DX,x-position
HLG-320H-C-SPEC.pdf,HLG-320H-C700,299.6,435,A|B|DA|AB|DX,x-position
HLG-40H-SPEC.pdf,HLG-40H-12,39.96,12,Blank|A|B|AB|D,x-position
HLG-40H.pdf,HLG-40H-12,39.96,12,Blank|A|B|AB|D,x-position
HLG-40H-SPEC.pdf,HLG-40H-15,40.05,15,Blank|A|B|AB|D,x-position
HLG-40H.pdf,HLG-40H-15,40.05,15,Blank|A|B|AB|D,x-position
HLG-40H-SPEC.pdf,HLG-40H-20,40,20,Blank|A|B|AB|D,x-position
HLG-40H.pdf,HLG-40H-20,40,20,Blank|A|B|AB|D,x-position
HLG-40H-SPEC.pdf,HLG-40H-24,40.08,24,Blank|A|B|AB|D,x-position
HLG-40H.pdf,HLG-40H-24,40.08,24,Blank|A|B|AB|D,x-position
HLG-40H-SPEC.pdf,HLG-40H-30,40.2,30,Blank|A|B|AB|D,x-position
HLG-40H.pdf,HLG-40H-30,40.2,30,Blank|A|B|AB|D,x-position
HLG-40H-SPEC.pdf,HLG-40H-36,40.32,48,Blank|A|B|AB|D,x-position
HLG-40H.pdf,HLG-40H-36,40.32,48,Blank|A|B|AB|D,x-position
HLG-40H-SPEC.pdf,HLG-40H-42,40.5,54,Blank|A|B|AB|D,x-position
HLG-40H.pdf,HLG-40H-42,40.5,54,Blank|A|B|AB|D,x-position
HLG-480H-spec.pdf,HLG-480H-24,480,24,Blank|A|B|AB|DX,ordered
HLG-480H.pdf,HLG-480H-24,480,24,Blank|A|B|AB|DX|D2,ordered
HLG-480H-spec.pdf,HLG-480H-30,480,30,Blank|A|B|AB|DX,ordered
HLG-480H.pdf,HLG-480H-30,480,30,Blank|A|B|AB|DX|D2,ordered
HLG-480H-spec.pdf,HLG-480H-36,478.8,36,Blank|A|B|AB|DX,ordered
HLG-480H.pdf,HLG-480H-36,478.8,36,Blank|A|B|AB|DX|D2,ordered
HLG-480H-spec.pdf,HLG-480H-42,478.8,42,Blank|A|B|AB|DX,ordered
HLG-480H.pdf,HLG-480H-42,478.8,42,Blank|A|B|AB|DX|D2,ordered
HLG-480H-spec.pdf,HLG-480H-48,480,48,Blank|A|B|AB|DX,ordered
HLG-480H.pdf,HLG-480H-48,480,48,Blank|A|B|AB|DX|D2,ordered
HLG-480H-spec.pdf,HLG-480H-54,480.6,54,Blank|A|B|AB|DX,ordered
HLG-480H.pdf,HLG-480H-54,480.6,54,Blank|A|B|AB|DX|D2,ordered
HLG-480H-C-spec.pdf,HLG-480H-C1400,480,420,A|B|AB|DX,ordered
HLG-480H-C-spec.pdf,HLG-480H-C1750,480,340,A|B|AB|DX,ordered
HLG-480H-C-spec.pdf,HLG-480H-C2100,481,280,A|B|AB|DX,ordered
HLG-480H-C-spec.pdf,HLG-480H-C2800,479,210,A|B|AB|DX,ordered
HLG-480H-C-spec.pdf,HLG-480H-C3500,480,170,A|B|AB|DX,ordered
HLG-600H-SPEC.pdf,HLG-600H-12,480,12,A|B|AB|Blank,ordered
HLG-600H.pdf,HLG-600H-12,480,12,A|B|AB|Blank,ordered
HLG-600H-SPEC.pdf,HLG-600H-15,540,15,A|B|AB|Blank,ordered
HLG-600H.pdf,HLG-600H-15,540,15,A|B|AB|Blank,ordered
HLG-600H-SPEC.pdf,HLG-600H-20,560,20,A|B|AB|Blank,ordered
HLG-600H.pdf,HLG-600H-20,560,20,A|B|AB|Blank,ordered
HLG-600H-SPEC.pdf,HLG-600H-24,600,24,A|B|AB|Blank,ordered
HLG-600H.pdf,HLG-600H-24,600,24,A|B|AB|Blank,ordered
HLG-600H-SPEC.pdf,HLG-600H-30,600,30,A|B|AB|Blank,ordered
HLG-600H.pdf,HLG-600H-30,600,30,A|B|AB|Blank,ordered
HLG-600H-SPEC.pdf,HLG-600H-48,600,48,A|B|AB|Blank,ordered
HLG-600H.pdf,HLG-600H-48,600,48,A|B|AB|Blank,ordered
HLG-600H-SPEC.pdf,HLG-600H-54,604.8,54,A|B|AB|Blank,ordered
HLG-600H.pdf,HLG-600H-54,604.8,54,A|B|AB|Blank,ordered
HLG-60H-SPEC.pdf,HLG-60H-15,60,15,Blank|A|B|AB|D,x-position
HLG-60H.pdf,HLG-60H-15,60,15,Blank|A|B|AB|D,x-position
HLG-60H-SPEC.pdf,HLG-60H-20,60,20,Blank|A|B|AB|D,x-position
HLG-60H.pdf,HLG-60H-20,60,20,Blank|A|B|AB|D,x-position
HLG-60H-SPEC.pdf,HLG-60H-24,60,24,Blank|A|B|AB|D,x-position
HLG-60H.pdf,HLG-60H-24,60,24,Blank|A|B|AB|D,x-position
HLG-60H-SPEC.pdf,HLG-60H-30,60,30,Blank|A|B|AB|D,x-position
HLG-60H.pdf,HLG-60H-30,60,30,Blank|A|B|AB|D,x-position
HLG-60H-SPEC.pdf,HLG-60H-36,62.4,48,Blank|A|B|AB|D,x-position
HLG-60H.pdf,HLG-60H-36,62.4,48,Blank|A|B|AB|D,x-position
HLG-60H-SPEC.pdf,HLG-60H-42,62.1,54,Blank|A|B|AB|D,x-position
HLG-60H.pdf,HLG-60H-42,62.1,54,Blank|A|B|AB|D,x-position
HLG-60H-C-SPEC.pdf,HLG-60H-C350,70,200,A|B|AB|D,single-power-for-all
HLG-60H-C-SPEC.pdf,HLG-60H-C700,70,100,A|B|AB|D,single-power-for-all
HLG-60H-C-SPEC.pdf,HLG-60H-C700-350MA,70,,A|B|AB|D,single-power-for-all
HLG-80H-SPEC.pdf,HLG-80H-12,60,12,Blank|A|B|AB|BL|D,x-position
HLG-80H.pdf,HLG-80H-12,60,12,Blank|A|B|AB|BL|D,x-position
HLG-80H-SPEC.pdf,HLG-80H-15,75,15,Blank|A|B|AB|BL|D,x-position
HLG-80H.pdf,HLG-80H-15,75,15,Blank|A|B|AB|BL|D,x-position
HLG-80H-SPEC.pdf,HLG-80H-20,80,20,Blank|A|B|AB|BL|D,x-position
HLG-80H.pdf,HLG-80H-20,80,20,Blank|A|B|AB|BL|D,x-position
HLG-80H-SPEC.pdf,HLG-80H-24,81.6,24,Blank|A|B|AB|BL|D,x-position
HLG-80H.pdf,HLG-80H-24,81.6,24,Blank|A|B|AB|BL|D,x-position
HLG-80H-SPEC.pdf,HLG-80H-30,81,30,Blank|A|B|AB|BL|D,x-position
HLG-80H.pdf,HLG-80H-30,81,30,Blank|A|B|AB|BL|D,x-position
HLG-80H-SPEC.pdf,HLG-80H-36,81.6,48,Blank|A|B|AB|BL|D,x-position
HLG-80H.pdf,HLG-80H-36,81.6,48,Blank|A|B|AB|BL|D,x-position
HLG-80H-SPEC.pdf,HLG-80H-42,81,54,Blank|A|B|AB|BL|D,x-position
HLG-80H.pdf,HLG-80H-42,81,54,Blank|A|B|AB|BL|D,x-position
HLG-80H-C-SPEC.pdf,HLG-80H-C350,89.95,128,A|B|AB|D,ordered-truncated
HLG-80H-C-SPEC.pdf,HLG-80H-C700,90.3,257,A|B|AB|D,ordered-truncated
HLN-40H-SPEC.PDF,HLN-40H-12,40,12,,x-position
HLN-40H-SPEC.PDF,HLN-40H-15,40,15,,x-position
HLN-40H-SPEC.PDF,HLN-40H-20,40,20,,x-position
HLN-40H-SPEC.PDF,HLN-40H-24,40.1,24,,x-position
HLN-40H-SPEC.PDF,HLN-40H-30,40.2,30,,x-position
HLN-40H-SPEC.PDF,HLN-40H-36,40.3,48,,x-position
HLN-40H-SPEC.PDF,HLN-40H-42,40.5,54,,x-position
HLN-60H-SPEC.PDF,HLN-60H-15,60,15,,x-position
HLN-60H-SPEC.PDF,HLN-60H-20,60,20,,x-position
HLN-60H-SPEC.PDF,HLN-60H-24,60,24,,x-position
HLN-60H-SPEC.PDF,HLN-60H-30,60,30,,x-position
HLN-60H-SPEC.PDF,HLN-60H-36,62.4,48,,x-position
HLN-60H-SPEC.PDF,HLN-60H-42,62.1,54,,x-position
HLN-80H-SPEC.PDF,HLN-80H-12,60,12,,x-position
HLN-80H-SPEC.PDF,HLN-80H-15,75,15,,x-position
HLN-80H-SPEC.PDF,HLN-80H-20,80,20,,x-position
HLN-80H-SPEC.PDF,HLN-80H-24,81.6,24,,x-position
HLN-80H-SPEC.PDF,HLN-80H-30,81,30,,x-position
HLN-80H-SPEC.PDF,HLN-80H-36,81.6,48,,x-position
HLN-80H-SPEC.PDF,HLN-80H-42,81,54,,x-position
HLP-60H-SPEC.PDF,HLP-60H-15,60,15,,x-position
HLP-60H-SPEC.PDF,HLP-60H-20,60,20,,x-position
HLP-60H-SPEC.PDF,HLP-60H-24,60,24,,x-position
HLP-60H-SPEC.PDF,HLP-60H-30,60,30,,x-position
HLP-60H-SPEC.PDF,HLP-60H-36,62.4,48,,x-position
HLP-60H-SPEC.PDF,HLP-60H-42,62.1,54,,x-position
HLP-80H-SPEC.PDF,HLP-80H-12,60,12,,ordered-truncated
HLP-80H-SPEC.PDF,HLP-80H-15,75,15,,ordered-truncated
HLP-80H-SPEC.PDF,HLP-80H-20,80,20,,ordered-truncated
HLP-80H-SPEC.PDF,HLP-80H-24,81.6,24,,ordered-truncated
HLP-80H-SPEC.PDF,HLP-80H-30,81,30,,ordered-truncated
HLP-80H-SPEC.PDF,HLP-80H-36,81.6,48,,ordered-truncated
HLP-80H-SPEC.PDF,HLP-80H-42,81,54,,ordered-truncated
HRP-100.pdf,HRP-100-12,102,12,,ordered
HRP-100.pdf,HRP-100-15,105,15,,ordered
HRP-100.pdf,HRP-100-24,108,24,,ordered
HRP-100.pdf,HRP-100-3.3,66,3.3,,ordered
HRP-100.pdf,HRP-100-36,104.4,36,,ordered
HRP-100.pdf,HRP-100-48,105.6,48,,ordered
HRP-100.pdf,HRP-100-5,85,5,,ordered
HRP-100.pdf,HRP-100-7.5,101.3,7.5,,ordered
HRP-150.pdf,HRP-150-12,156,12,,ordered
HRP-150.pdf,HRP-150-15,150,15,,ordered
HRP-150.pdf,HRP-150-24,156,24,,ordered
HRP-150.pdf,HRP-150-3.3,99,3.3,,ordered
HRP-150.pdf,HRP-150-36,154.8,36,,ordered
HRP-150.pdf,HRP-150-48,158.4,48,,ordered
HRP-150.pdf,HRP-150-5,130,5,,ordered
HRP-150.pdf,HRP-150-7.5,150,7.5,,ordered
HRP-150N3-spec.pdf,HRP-150N3-36,156,24,,x-position
HRP-200.pdf,HRP-200-12,200.4,12,,ordered
HRP-200.pdf,HRP-200-15,201,15,,ordered
HRP-200.pdf,HRP-200-24,201.6,24,,ordered
HRP-200.pdf,HRP-200-3.3,132,3.3,,ordered
HRP-200.pdf,HRP-200-36,205.2,36,,ordered
HRP-200.pdf,HRP-200-48,206.4,48,,ordered
HRP-200.pdf,HRP-200-5,175,5,,ordered
HRP-200.pdf,HRP-200-7.5,200.3,7.5,,ordered
HRP-300.pdf,HRP-300-12,324,12,,ordered
HRP-300.pdf,HRP-300-15,330,15,,ordered
HRP-300.pdf,HRP-300-24,336,24,,ordered
HRP-300.pdf,HRP-300-3.3,198,3.3,,ordered
HRP-300.pdf,HRP-300-36,324,36,,ordered
HRP-300.pdf,HRP-300-48,336,48,,ordered
HRP-300.pdf,HRP-300-5,300,5,,ordered
HRP-300.pdf,HRP-300-7.5,300,7.5,,ordered
HRP-300N3-spec.pdf,HRP-300N3-12,324,12,,ordered
HRP-300N3-spec.pdf,HRP-300N3-24,336,24,,ordered
HRP-300N3-spec.pdf,HRP-300N3-36,324,36,,ordered
HRP-300N3-spec.pdf,HRP-300N3-48,336,48,,ordered
HRP-450.pdf,HRP-450-12,450,12,,ordered
HRP-450.pdf,HRP-450-15,450,15,,ordered
HRP-450.pdf,HRP-450-24,451.2,24,,ordered
HRP-450.pdf,HRP-450-3.3,297,3.3,,ordered
HRP-450.pdf,HRP-450-36,450,36,,ordered
HRP-450.pdf,HRP-450-48,456,48,,ordered
HRP-450.pdf,HRP-450-5,450,5,,ordered
HRP-450.pdf,HRP-450-7.5,450,7.5,,ordered
HRP-600.pdf,HRP-600-12,636,12,,ordered
HRP-600.pdf,HRP-600-15,645,15,,ordered
HRP-600.pdf,HRP-600-24,648,24,,ordered
HRP-600.pdf,HRP-600-3.3,396,3.3,,ordered
HRP-600.pdf,HRP-600-36,630,36,,ordered
HRP-600.pdf,HRP-600-48,624,48,,ordered
HRP-600.pdf,HRP-600-5,600,5,,ordered
HRP-600.pdf,HRP-600-7.5,600,7.5,,ordered
HRP-600N3-spec.pdf,HRP-600N3-12,636,12,,ordered
HRP-600N3-spec.pdf,HRP-600N3-24,648,24,,ordered
HRP-600N3-spec.pdf,HRP-600N3-36,630,36,,ordered
HRP-600N3-spec.pdf,HRP-600N3-48,624,48,,ordered
HRP-75.pdf,HRP-75-12,75.6,12,,ordered
HRP-75.pdf,HRP-75-15,75,15,,ordered
HRP-75.pdf,HRP-75-24,76.8,24,,ordered
HRP-75.pdf,HRP-75-3.3,49.5,3.3,,ordered
HRP-75.pdf,HRP-75-36,75.6,36,,ordered
HRP-75.pdf,HRP-75-48,76.8,48,,ordered
HRP-75.pdf,HRP-75-5,75,5,,ordered
HRP-75.pdf,HRP-75-7.5,75,7.5,,ordered
HRPG-1000-spec.pdf,HRPG-1000-12,960,12,,ordered-truncated
HRPG-1000-spec.pdf,HRPG-1000-15,1000,15,,ordered-truncated
HRPG-1000-spec.pdf,HRPG-1000-24,960,24,,ordered-truncated
HRPG-1000-spec.pdf,HRPG-1000-48,1000,48,,ordered-truncated
HRPG-1000N3-spec.pdf,HRPG-1000N3-12,960,12,,ordered
HRPG-1000N3-spec.pdf,HRPG-1000N3-24,1008,24,,ordered
HRPG-1000N3-spec.pdf,HRPG-1000N3-36,1008,36,,ordered
HRPG-1000N3-spec.pdf,HRPG-1000N3-48,1008,48,,ordered
HRPG-150-SPEC.pdf,HRPG-150-12,156,12,,ordered
HRPG-150-SPEC.pdf,HRPG-150-15,150,15,,ordered
HRPG-150-SPEC.pdf,HRPG-150-24,156,24,,ordered
HRPG-150-SPEC.pdf,HRPG-150-3.3,99,3.3,,ordered
HRPG-150-SPEC.pdf,HRPG-150-36,154.8,36,,ordered
HRPG-150-SPEC.pdf,HRPG-150-48,158.4,48,,ordered
HRPG-150-SPEC.pdf,HRPG-150-5,130,5,,ordered
HRPG-150-SPEC.pdf,HRPG-150-7.5,150,7.5,,ordered
HRPG-200-SPEC.pdf,HRPG-200-12,200.4,12,,ordered
HRPG-200-SPEC.pdf,HRPG-200-15,201,15,,ordered
HRPG-200-SPEC.pdf,HRPG-200-24,201.6,24,,ordered
HRPG-200-SPEC.pdf,HRPG-200-3.3,132,3.3,,ordered
HRPG-200-SPEC.pdf,HRPG-200-36,205.2,36,,ordered
HRPG-200-SPEC.pdf,HRPG-200-48,206.4,48,,ordered
HRPG-200-SPEC.pdf,HRPG-200-5,175,5,,ordered
HRPG-200-SPEC.pdf,HRPG-200-7.5,200.3,7.5,,ordered
HRPG-300-SPEC.pdf,HRPG-300-12,324,12,,ordered
HRPG-300-SPEC.pdf,HRPG-300-15,330,15,,ordered
HRPG-300-SPEC.pdf,HRPG-300-24,336,24,,ordered
HRPG-300-SPEC.pdf,HRPG-300-3.3,198,3.3,,ordered
HRPG-300-SPEC.pdf,HRPG-300-36,324,36,,ordered
HRPG-300-SPEC.pdf,HRPG-300-48,336,48,,ordered
HRPG-300-SPEC.pdf,HRPG-300-5,300,5,,ordered
HRPG-300-SPEC.pdf,HRPG-300-7.5,300,7.5,,ordered
HRPG-450-SPEC.pdf,HRPG-450-12,450,12,,ordered
HRPG-450-SPEC.pdf,HRPG-450-15,450,15,,ordered
HRPG-450-SPEC.pdf,HRPG-450-24,451.2,24,,ordered
HRPG-450-SPEC.pdf,HRPG-450-3.3,297,3.3,,ordered
HRPG-450-SPEC.pdf,HRPG-450-36,450,36,,ordered
HRPG-450-SPEC.pdf,HRPG-450-48,456,48,,ordered
HRPG-450-SPEC.pdf,HRPG-450-5,450,5,,ordered
HRPG-450-SPEC.pdf,HRPG-450-7.5,450,7.5,,ordered
HRPG-600-SPEC.pdf,HRPG-600-12,636,12,,ordered
HRPG-600-SPEC.pdf,HRPG-600-15,645,15,,ordered
HRPG-600-SPEC.pdf,HRPG-600-24,648,24,,ordered
HRPG-600-SPEC.pdf,HRPG-600-3.3,396,3.3,,ordered
HRPG-600-SPEC.pdf,HRPG-600-36,630,36,,ordered
HRPG-600-SPEC.pdf,HRPG-600-48,624,48,,ordered
HRPG-600-SPEC.pdf,HRPG-600-5,600,5,,ordered
HRPG-600-SPEC.pdf,HRPG-600-7.5,600,7.5,,ordered
HSP-200-SPEC.pdf,HSP-200-4.2,200,5,,single-power-for-all
HSP-200-SPEC.pdf,HSP-200-5,200,5,,single-power-for-all
HSP-300-SPEC.pdf,HSP-300-2.8,300,5,,single-power-for-all
HSP-300-SPEC.pdf,HSP-300-4.2,300,5,,single-power-for-all
HSP-300-SPEC.pdf,HSP-300-5,300,5,,single-power-for-all
HVG-100-SPEC.pdf,HVG-100-15,75,15,A|B|AB|D,x-position
HVG-100-SPEC.pdf,HVG-100-20,96,20,A|B|AB|D,x-position
HVG-100-SPEC.pdf,HVG-100-24,96,24,A|B|AB|D,x-position
HVG-100-SPEC.pdf,HVG-100-30,96,30,A|B|AB|D,x-position
HVG-100-SPEC.pdf,HVG-100-36,96,48,A|B|AB|D,x-position
HVG-100-SPEC.pdf,HVG-100-42,95.58,54,A|B|AB|D,x-position
HVG-150-SPEC.pdf,HVG-150-12,120,12,A|B|AB|D,x-position
HVG-150-SPEC.pdf,HVG-150-15,150,15,A|B|AB|D,x-position
HVG-150-SPEC.pdf,HVG-150-20,150,20,A|B|AB|D,x-position
HVG-150-SPEC.pdf,HVG-150-24,150,24,A|B|AB|D,x-position
HVG-150-SPEC.pdf,HVG-150-30,150,30,A|B|AB|D,x-position
HVG-150-SPEC.pdf,HVG-150-36,150.24,48,A|B|AB|D,x-position
HVG-150-SPEC.pdf,HVG-150-42,150.12,54,A|B|AB|D,x-position
HVG-240-SPEC.pdf,HVG-240-24,240,24,A|B|AB|DX|D2,x-position
HVG-240-SPEC.pdf,HVG-240-30,240,30,A|B|AB|DX|D2,x-position
HVG-240-SPEC.pdf,HVG-240-36,240,48,A|B|AB|DX|D2,x-position
HVG-240-SPEC.pdf,HVG-240-42,243,54,A|B|AB|DX|D2,x-position
HVG-320-SPEC.pdf,HVG-320-24,321.6,24,A|B|AB|DX|D2,x-position
HVG-320-SPEC.pdf,HVG-320-30,321,30,A|B|AB|DX|D2,x-position
HVG-320-SPEC.pdf,HVG-320-36,321.6,48,A|B|AB|DX|D2,x-position
HVG-320-SPEC.pdf,HVG-320-42,324,54,A|B|AB|DX|D2,x-position
HVG-480-SPEC.pdf,HVG-480-24,480,24,A|B|AB|DX,x-position
HVG-480-SPEC.pdf,HVG-480-30,480,30,A|B|AB|DX,x-position
HVG-480-SPEC.pdf,HVG-480-36,480,48,A|B|AB|DX,x-position
HVG-480-SPEC.pdf,HVG-480-42,480.6,54,A|B|AB|DX,x-position
HVG-65-SPEC.pdf,HVG-65-12,60,12,A|B|AB|D,x-position
HVG-65-SPEC.pdf,HVG-65-15,64.5,15,A|B|AB|D,x-position
HVG-65-SPEC.pdf,HVG-65-20,65,20,A|B|AB|D,x-position
HVG-65-SPEC.pdf,HVG-65-24,65,24,A|B|AB|D,x-position
HVG-65-SPEC.pdf,HVG-65-30,65.1,30,A|B|AB|D,x-position
HVG-65-SPEC.pdf,HVG-65-36,65.3,48,A|B|AB|D,x-position
HVG-65-SPEC.pdf,HVG-65-42,65.3,54,A|B|AB|D,x-position
HVGC-1000-spec.pdf,HVGC-1000A-H-,1008,190,AB|D2|DX|DA,ordered
HVGC-1000-spec.pdf,HVGC-1000A-L-,1003.2,400,AB|D2|DX|DA,ordered
HVGC-1000-spec.pdf,HVGC-1000A-M-,1008,250,AB|D2|DX|DA,ordered
HVGC-150-SPEC.pdf,HVGC-150-1050,150.15,124,A|B|AB|D,ordered
HVGC-150-SPEC.pdf,HVGC-150-1400,149.8,,A|B|AB|D,ordered
HVGC-150-SPEC.pdf,HVGC-150-350,149.8,346,A|B|AB|D,ordered
HVGC-150-SPEC.pdf,HVGC-150-500,150,247,A|B|AB|D,ordered
HVGC-150-SPEC.pdf,HVGC-150-700,150.5,165,A|B|AB|D,ordered
HVGC-240-SPEC.pdf,HVGC-240-1050,240,235,A|B|AB|DX|D2,ordered
HVGC-240-SPEC.pdf,HVGC-240-1400,240,176,A|B|AB|DX|D2,ordered
HVGC-240-SPEC.pdf,HVGC-240-1750,240,141,A|B|AB|DX|D2,ordered
HVGC-240-SPEC.pdf,HVGC-240-2100,240,117,A|B|AB|DX|D2,ordered
HVGC-240-SPEC.pdf,HVGC-240-2800,240,88,A|B|AB|DX|D2,ordered
HVGC-240-SPEC.pdf,HVGC-240-3500,240.1,71,A|B|AB|DX|D2,ordered
HVGC-240-SPEC.pdf,HVGC-240-700,240,354,A|B|AB|DX|D2,ordered
HVGC-320-SPEC.pdf,HVGC-320-1050,320,311,A|B|AB|DX|D2,ordered
HVGC-320-SPEC.pdf,HVGC-320-1400,320,234,A|B|AB|DX|D2,ordered
HVGC-320-SPEC.pdf,HVGC-320-1750,320,187,A|B|AB|DX|D2,ordered
HVGC-320-SPEC.pdf,HVGC-320-2100,320,156,A|B|AB|DX|D2,ordered
HVGC-320-SPEC.pdf,HVGC-320-2800,320,118,A|B|AB|DX|D2,ordered
HVGC-320-SPEC.pdf,HVGC-320-3500,320,94,A|B|AB|DX|D2,ordered
HVGC-320-SPEC.pdf,HVGC-320-700,300,442,A|B|AB|DX|D2,ordered
HVGC-480-spec.pdf,HVGC-480-H-,480,180,AB|Blank|D2|DX|ADA,ordered
HVGC-480-spec.pdf,HVGC-480-L-,480,350,AB|Blank|D2|DX|ADA,ordered
HVGC-480-spec.pdf,HVGC-480-M-,480,240,AB|Blank|D2|DX|ADA,ordered
HVGC-65-SPEC.pdf,HVGC-65-1050,65.1,,A|B|AB|D,ordered
HVGC-65-SPEC.pdf,HVGC-65-350,65.1,150,A|B|AB|D,ordered
HVGC-65-SPEC.pdf,HVGC-65-500,65,107,A|B|AB|D,ordered
HVGC-65-SPEC.pdf,HVGC-65-700,65.1,72,A|B|AB|D,ordered
HVGC-650-spec.pdf,HVGC-650-L,650,260,AB|D2|DX|DA,single-power-for-all
HVGC-650-spec.pdf,HVGC-650-M,650,260,AB|D2|DX|DA,single-power-for-all
ICL-16L-spec.pdf,ICL-16L,1.5,,,single-power-for-all
ICL-16R-spec.pdf,ICL-16L,1.5,,,single-power-for-all
ICL-16L-spec (2).pdf,ICL-16L-SPEC (2),2,,,ordered
ICL-16L-spec.pdf,ICL-16R,1.5,,,single-power-for-all
ICL-16R-spec.pdf,ICL-16R,1.5,,,single-power-for-all
ICL-28L-spec.pdf,ICL-28L,2,,,single-power-for-all
ICL-28R-spec.pdf,ICL-28L,2,,,single-power-for-all
ICL-28L-spec.pdf,ICL-28R,2,,,single-power-for-all
ICL-28R-spec.pdf,ICL-28R,2,,,single-power-for-all
IOB-05-spec.pdf,IOB-05-03,3.3,3.3,,ordered
IOB-05-spec.pdf,IOB-05-05,5,5,,ordered
IOB-05-spec.pdf,IOB-05-09,5.04,9,,ordered
IOB-05-spec.pdf,IOB-05-12,5.04,12,,ordered
IOB-05-spec.pdf,IOB-05-15,5.1,15,,ordered
IOB-05-spec.pdf,IOB-05-24,5.04,24,,ordered
IOB-15-spec.pdf,IOB-15-03,9.9,3.3,,ordered
IOB-15-spec.pdf,IOB-15-05,14,5,,ordered
IOB-15-spec.pdf,IOB-15-09,15,9,,ordered
IOB-15-spec.pdf,IOB-15-12,15,12,,ordered
IOB-15-spec.pdf,IOB-15-15,15,15,,ordered
IOB-15-spec.pdf,IOB-15-24,15,24,,ordered
IRM-01-SPEC.PDF,IRM-01-12,1,12,,ordered
IRM-01-SPEC.PDF,IRM-01-15,1,15,,ordered
IRM-01-SPEC.PDF,IRM-01-24,1,24,,ordered
IRM-01-SPEC.PDF,IRM-01-3.3,1,3.3,,ordered
IRM-01-SPEC.PDF,IRM-01-5,1,5,,ordered
IRM-01-SPEC.PDF,IRM-01-9,1,9,,ordered
IRM-02-SPEC.PDF,IRM-02-12,2,12,,ordered
IRM-02-SPEC.PDF,IRM-02-15,2,15,,ordered
IRM-02-SPEC.PDF,IRM-02-24,2,24,,ordered
IRM-02-SPEC.PDF,IRM-02-3.3,2,3.3,,ordered
IRM-02-SPEC.PDF,IRM-02-5,2,5,,ordered
IRM-02-SPEC.PDF,IRM-02-9,2,9,,ordered
IRM-03-SPEC.PDF,IRM-03-12,3,12,,ordered
IRM-03-SPEC.PDF,IRM-03-15,3,15,,ordered
IRM-03-SPEC.PDF,IRM-03-24,3,24,,ordered
IRM-03-SPEC.PDF,IRM-03-3.3,3,3.3,,ordered
IRM-03-SPEC.PDF,IRM-03-5,3,5,,ordered
IRM-03-SPEC.PDF,IRM-03-9,3,9,,ordered
IRM-05-SPEC.PDF,IRM-05-12,5.04,12,,ordered
IRM-05-SPEC.PDF,IRM-05-15,4.95,15,,ordered
IRM-05-SPEC.PDF,IRM-05-24,5.52,24,,ordered
IRM-05-SPEC.PDF,IRM-05-3.3,4.125,3.3,,ordered
IRM-05-SPEC.PDF,IRM-05-5,5,5,,ordered
IRM-10-SPEC.PDF,IRM-10-12,10.2,12,,ordered
IRM-10-SPEC.PDF,IRM-10-15,10.05,15,,ordered
IRM-10-SPEC.PDF,IRM-10-24,10.08,24,,ordered
IRM-10-SPEC.PDF,IRM-10-3.3,8.25,3.3,,ordered
IRM-10-SPEC.PDF,IRM-10-5,10,5,,ordered
IRM-15-SPEC.PDF,IRM-15-12,15,12,,ordered
IRM-15-SPEC.PDF,IRM-15-15,15,15,,ordered
IRM-15-SPEC.PDF,IRM-15-24,15.12,24,,ordered
IRM-15-SPEC.PDF,IRM-15-3.3,11.55,3.3,,ordered
IRM-15-SPEC.PDF,IRM-15-5,15,5,,ordered
IRM-20-SPEC.PDF,IRM-20-12,21.6,12,,ordered
IRM-20-SPEC.PDF,IRM-20-15,21,15,,ordered
IRM-20-SPEC.PDF,IRM-20-24,21.6,24,,ordered
IRM-20-SPEC.PDF,IRM-20-3.3,14.85,3.3,,ordered
IRM-20-SPEC.PDF,IRM-20-5,20,5,,ordered
IRM-30-SPEC.PDF,IRM-30-12,30,12,,ordered
IRM-30-SPEC.PDF,IRM-30-15,30,15,,ordered
IRM-30-SPEC.PDF,IRM-30-24,31.2,24,,ordered
IRM-30-SPEC.PDF,IRM-30-48,30.2,48,,ordered
IRM-30-SPEC.PDF,IRM-30-5,30,5,,ordered
IRM-45-SPEC.PDF,IRM-45-12,45.6,12,,ordered
IRM-45-SPEC.PDF,IRM-45-15,45,15,,ordered
IRM-45-SPEC.PDF,IRM-45-24,45.6,24,,ordered
IRM-45-SPEC.PDF,IRM-45-48,45.12,48,,ordered
IRM-45-SPEC.PDF,IRM-45-5,40,5,,ordered
IRM-60-SPEC.PDF,IRM-60-12,60,12,,ordered
IRM-60-SPEC.PDF,IRM-60-15,60,15,,ordered
IRM-60-SPEC.PDF,IRM-60-24,60,24,,ordered
IRM-60-SPEC.PDF,IRM-60-48,60,48,,ordered
IRM-60-SPEC.PDF,IRM-60-5,50,5,,ordered
IRM-90-spec.pdf,IRM-90-12,90,48,,single-power-for-all
IRM-90-spec.pdf,IRM-90-15,90,48,,single-power-for-all
IRM-90-spec.pdf,IRM-90-24,90,48,,single-power-for-all
IRM-90-spec.pdf,IRM-90-48,90,48,,single-power-for-all
ISI-501-SPEC.PDF,ISI-501-112,450,12,,ordered-truncated
ISI-501-SPEC.PDF,ISI-501-124,500,24,,ordered-truncated
ISI-501-SPEC.PDF,ISI-501-148,450,48,,ordered-truncated
ISI-501-SPEC.PDF,ISI-501-212,500,12,,ordered-truncated
KAA-4R4V-S-spec.pdf,KAA-4R4V-10S,4,4,Blank,single-power-for-all
KAA-4R4V-S-spec.pdf,KAA-4R4V-10S-14MA,4,4,Blank,single-power-for-all
KAA-8R-S-spec.pdf,KAA-8R-10S,8,31,Blank,single-power-for-all
KAA-8R-S-spec.pdf,KAA-8R-16S,8,31,Blank,single-power-for-all
KAA-8R-S-spec.pdf,KAA-8R-S-10MA,8,31,Blank,single-power-for-all
KNX-20E-640-spec.pdf,KNX-20E-640,19.2,30,,ordered
KNX-40E-1280-SPEC.pdf,KNX-40E-1280(D),40,,1280MA|Blank|D,single-power-for-all
KNX-40E-1280-SPEC.pdf,KNX-40E-1280(D)-1280MA,40,,1280MA|Blank|D,single-power-for-all
KSC-01L-spec.pdf,KSC-01L,1,,,single-power-for-all
KSC-01L-spec.pdf,KSC-02L,1,,,single-power-for-all
KSI-01U-spec.pdf,KSI-01U,1,,,ordered
KSR-01IP-spec.pdf,KSR-01IP,1,,,single-power-for-all
KSR-01IP-spec.pdf,KSR-02IP,1,,,single-power-for-all
LAD-120-spec.pdf,LAD-120A,120,13.8,,ordered-truncated
LAD-120-spec.pdf,LAD-120B,121.4,13.8,,ordered-truncated
LAD-120-spec.pdf,LAD-120C,120.35,27.6,,ordered-truncated
LAD-120-spec.pdf,LAD-120D,121.99,27.6,,ordered-truncated
LAD-240-spec.pdf,LAD-240A,200,13.8,,single-power-for-all
LAD-240-spec.pdf,LAD-240B,200,13.8,,single-power-for-all
LAD-240-spec.pdf,LAD-240C,200,27.6,,single-power-for-all
LAD-240-spec.pdf,LAD-240D,200,27.6,,single-power-for-all
LAD-240-spec.pdf,LAD-240D-CH1,200,41.5,,single-power-for-all
LAD-360-spec.pdf,LAD-360B,200,21.5,,single-power-for-all
LAD-360-spec.pdf,LAD-360C,200,0.5,,single-power-for-all
LAD-360-spec.pdf,LAD-360D,200,32,,single-power-for-all
LAD-360-spec.pdf,LAD-360D-CH1,200,0.5,,single-power-for-all
LAD-600-spec.pdf,LAD-600B,200,27.6,,single-power-for-all
LAD-600-spec.pdf,LAD-600C,200,27.6,,single-power-for-all
LAD-600-spec.pdf,LAD-600D,200,41.5,,single-power-for-all
LAD-600-spec.pdf,LAD-600D-CH1,200,41.5,,single-power-for-all
LCM-25DA-SPEC.PDF,LCM-25,25,54,,single-power-for-all
LCM-25-SPEC.PDF,LCM-25-350MA,25,54,,ordered
LCM-25DA-SPEC.PDF,LCM-25-350MA,25,50,,single-power-for-all
LCM-25KN-spec.pdf,LCM-25KN-350MA,25,54,,ordered
LCM-40(EO)-SPEC.PDF,LCM-40,40,100,Blank|EO,single-power-for-all
LCM-40DA-SPEC.PDF,LCM-40,40,100,Blank|AUX,single-power-for-all
LCM-40-spec.pdf,LCM-40-350MA,40,100,Blank|EO,ordered
LCM-40(EO)-SPEC.PDF,LCM-40-350MA,40,80,Blank|EO,single-power-for-all
LCM-40DA-SPEC.PDF,LCM-40-350MA,40,80,Blank|AUX,single-power-for-all
LCM-40KN-spec.pdf,LCM-40KN-,40,100,Blank|AUX,single-power-for-all
LCM-40KN-spec.pdf,LCM-40KN-350MA,40,80,Blank|AUX,single-power-for-all
LCM-40TW-spec.pdf,LCM-40TW,40,50,,ordered
LCM-40U(EO)-spec.pdf,LCM-40U,35,100,,single-power-for-all
LCM-40U(EO)-spec.pdf,LCM-40U-350MA,35,70,,single-power-for-all
LCM-40UDA-SPEC.PDF,LCM-40UDA-,35,100,Blank|AUX,single-power-for-all
LCM-40UDA-SPEC.PDF,LCM-40UDA-350MA,35,70,Blank|AUX,single-power-for-all
LCM-60(EO)-SPEC.PDF,LCM-60,60,90,Blank|EO,single-power-for-all
LCM-60DA-SPEC.PDF,LCM-60,60,90,Blank|AUX,single-power-for-all
LCM-60-spec.pdf,LCM-60-500MA,60,90,Blank|EO,ordered
LCM-60(EO)-SPEC.PDF,LCM-60-500MA,60,90,Blank|EO,single-power-for-all
LCM-60DA-SPEC.PDF,LCM-60-500MA,60,90,Blank|AUX,single-power-for-all
LCM-60KN-spec.pdf,LCM-60KN-,60,90,Blank|AUX,single-power-for-all
LCM-60KN-spec.pdf,LCM-60KN-500MA,60,90,Blank|AUX,single-power-for-all
LCM-60U(EO)-spec.pdf,LCM-60U,50,90,,single-power-for-all
LCM-60U(EO)-spec.pdf,LCM-60U-500MA,50,84,,single-power-for-all
LCM-60UDA-SPEC.PDF,LCM-60UDA-,50,90,Blank|AUX,single-power-for-all
LCM-60UDA-SPEC.PDF,LCM-60UDA-500MA,50,84,Blank|AUX,single-power-for-all
LDC-35-spec.pdf,LDC-35,35,60,Blank|B|DA,ordered
LDC-55-spec.pdf,LDC-55,55,60,Blank|B|DA|DA2,ordered
LDC-80-spec.pdf,LDC-80,80,60,Blank|B|DALI|DA,ordered
LDH-25-spec.pdf,LDH-25-250,25.2,24,,single-power-for-all
LDH-25-spec.pdf,LDH-25-350,25.2,12,,single-power-for-all
LDH-25-spec.pdf,LDH-25-500,25.2,24,,single-power-for-all
LDH-25-spec.pdf,LDH-25-500-500MA,25.2,24,,single-power-for-all
LDH-25-spec.pdf,LDH-25-700,25.2,12,,single-power-for-all
LDH-45-spec.pdf,LDH-45A-1050,45.15,,,single-power-for-all
LDH-45(DA)-SPEC.PDF,LDH-45A-1050,45.15,,,single-power-for-all
LDH-45-spec.pdf,LDH-45A-350,45.15,,,single-power-for-all
LDH-45(DA)-SPEC.PDF,LDH-45A-350,45.15,,,single-power-for-all
LDH-45-spec.pdf,LDH-45A-500,45.15,1.3,,single-power-for-all
LDH-45(DA)-SPEC.PDF,LDH-45A-500,45.15,1.3,,single-power-for-all
LDH-45-spec.pdf,LDH-45A-700,45.15,8,,single-power-for-all
LDH-45(DA)-SPEC.PDF,LDH-45A-700,45.15,8,,single-power-for-all
LDH-45-spec.pdf,LDH-45B-350,45.15,8,,single-power-for-all
LDH-45(DA)-SPEC.PDF,LDH-45B-350,45.15,8,,single-power-for-all
LDH-45-spec.pdf,LDH-45B-500,45.15,,,single-power-for-all
LDH-45(DA)-SPEC.PDF,LDH-45B-500,45.15,,,single-power-for-all
LDH-45-spec.pdf,LDH-45B-500-700MA,45.15,,,single-power-for-all
LDH-45(DA)-SPEC.PDF,LDH-45B-500-700MA,45.15,,,single-power-for-all
LDH-65-spec.pdf,LDH-65-1400,63,24,,ordered-truncated
LDH-65-spec.pdf,LDH-65-1750,56,12,,ordered-truncated
LDH-65-spec.pdf,LDH-65-700,64.4,12,,ordered-truncated
LOP-200.pdf,LOP-200,300,12,,single-model-first-power
LOP-300.pdf,LOP-300-,450,12,,ordered
LOP-300.pdf,LOP-300-12,450,12,,ordered
LOP-300.pdf,LOP-300-15,450,12,,ordered
LOP-300.pdf,LOP-300-18,450,12,,ordered
LOP-300.pdf,LOP-300-24,450,12,,ordered
LOP-300.pdf,LOP-300-27,450,12,,ordered
LOP-300.pdf,LOP-300-36,450,12,,ordered
LOP-300.pdf,LOP-300-48,450,12,,ordered
LOP-300.pdf,LOP-300-54,450,12,,ordered
LOP-400.pdf,LOP-400-12,400.8,12,,ordered-truncated
LOP-400.pdf,LOP-400-15,402.3,12,,ordered-truncated
LOP-400.pdf,LOP-400-18,403.2,12,,ordered-truncated
LOP-400.pdf,LOP-400-24,403.2,12,,ordered-truncated
LOP-400.pdf,LOP-400-27,405,12,,ordered-truncated
LOP-500.pdf,LOP-500-12,500,,,single-power-for-all
LOP-500.pdf,LOP-500-15,500,,,single-power-for-all
LOP-500.pdf,LOP-500-18,500,,,single-power-for-all
LOP-500.pdf,LOP-500-24,500,31.2,,single-power-for-all
LOP-500.pdf,LOP-500-27,500,35.1,,single-power-for-all
LOP-500.pdf,LOP-500-36,500,46.8,,single-power-for-all
LOP-500.pdf,LOP-500-48,500,62.4,,single-power-for-all
LOP-500.pdf,LOP-500-54,500,67.5,,single-power-for-all
LOP-600.pdf,LOP-600-12,900,12,,ordered-truncated
LOP-600.pdf,LOP-600-15,899.1,12,,ordered-truncated
LOP-600.pdf,LOP-600-18,900,12,,ordered-truncated
LOP-600.pdf,LOP-600-24,902.4,12,,ordered-truncated
LOP-600.pdf,LOP-600-27,901.8,12,,ordered-truncated
LPC-100-SPEC.pdf,LPC-100-1050,100.1,96,,single-power-for-all
LPC-100-SPEC.pdf,LPC-100-1400,100.1,72,,single-power-for-all
LPC-100-SPEC.pdf,LPC-100-1750,100.1,58,,single-power-for-all
LPC-100-SPEC.pdf,LPC-100-2100,100.1,48,,single-power-for-all
LPC-100-SPEC.pdf,LPC-100-350,100.1,286,,single-power-for-all
LPC-100-SPEC.pdf,LPC-100-500,100.1,200,,single-power-for-all
LPC-100-SPEC.pdf,LPC-100-700,100.1,143,,single-power-for-all
LPC-150-SPEC.pdf,LPC-150-1050,151.2,72,,x-position
LPC-150-SPEC.pdf,LPC-150-1400,151.2,144,,x-position
LPC-150-SPEC.pdf,LPC-150-2450,151.9,31,,x-position
LPC-150-SPEC.pdf,LPC-150-3150,151.2,24,,x-position
LPC-20-SPEC.pdf,LPC-20-350,16.8,48,,ordered
LPC-20-SPEC.pdf,LPC-20-700,21,30,,ordered
LPC-35-SPEC.pdf,LPC-35-1050,31.5,30,,ordered
LPC-35-SPEC.pdf,LPC-35-1400,33.6,24,,ordered
LPC-35-SPEC.pdf,LPC-35-700,33.6,48,,ordered
LPC-60-SPEC.pdf,LPC-60-1050,50.4,48,,ordered
LPC-60-SPEC.pdf,LPC-60-1400,58.8,42,,ordered
LPC-60-SPEC.pdf,LPC-60-1750,59.5,34,,ordered
LPF-16-SPEC.PDF,LPF-16-12,16.05,12,Blank|P,ordered-truncated
LPF-16-SPEC.PDF,LPF-16-15,16,15,Blank|P,ordered-truncated
LPF-16-SPEC.PDF,LPF-16-20,16.08,20,Blank|P,ordered-truncated
LPF-16-SPEC.PDF,LPF-16-24,16.2,24,Blank|P,ordered-truncated
LPF-16-SPEC.PDF,LPF-16-30,16.32,30,Blank|P,ordered-truncated
LPF-16-SPEC.PDF,LPF-16-36,16.2,48,Blank|P,ordered-truncated
LPF-16D-SPEC.PDF,LPF-16D-12,16.08,12,,ordered-truncated
LPF-16D-SPEC.PDF,LPF-16D-15,16.05,15,,ordered-truncated
LPF-16D-SPEC.PDF,LPF-16D-20,16,20,,ordered-truncated
LPF-16D-SPEC.PDF,LPF-16D-24,16.08,24,,ordered-truncated
LPF-16D-SPEC.PDF,LPF-16D-30,16.2,30,,ordered-truncated
LPF-16D-SPEC.PDF,LPF-16D-36,16.32,48,,ordered-truncated
LPF-16D-SPEC.PDF,LPF-16D-42,16.2,54,,ordered-truncated
LPF-25-SPEC.PDF,LPF-25-12,25.2,12,,x-position
LPF-25-SPEC.PDF,LPF-25-15,25.05,15,,x-position
LPF-25-SPEC.PDF,LPF-25-20,25,20,,x-position
LPF-25-SPEC.PDF,LPF-25-24,25.2,24,,x-position
LPF-25-SPEC.PDF,LPF-25-30,25.2,30,,x-position
LPF-25-SPEC.PDF,LPF-25-36,25.44,48,,x-position
LPF-25-SPEC.PDF,LPF-25-42,25.38,54,,x-position
LPF-25D-SPEC.PDF,LPF-25D-12,25.2,12,,ordered-truncated
LPF-25D-SPEC.PDF,LPF-25D-15,25.05,15,,ordered-truncated
LPF-25D-SPEC.PDF,LPF-25D-20,25.2,20,,ordered-truncated
LPF-25D-SPEC.PDF,LPF-25D-24,25.2,24,,ordered-truncated
LPF-25D-SPEC.PDF,LPF-25D-30,25.44,30,,ordered-truncated
LPF-25D-SPEC.PDF,LPF-25D-36,25.38,48,,ordered-truncated
LPF-40-SPEC.PDF,LPF-40-12,40.08,12,,ordered-truncated
LPF-40-SPEC.PDF,LPF-40-15,40.08,15,,ordered-truncated
LPF-40-SPEC.PDF,LPF-40-20,40,20,,ordered-truncated
LPF-40-SPEC.PDF,LPF-40-24,40.08,24,,ordered-truncated
LPF-40-SPEC.PDF,LPF-40-30,40.2,30,,ordered-truncated
LPF-40-SPEC.PDF,LPF-40-36,40.32,48,,ordered-truncated
LPF-40-SPEC.PDF,LPF-40-42,41.04,54,,ordered-truncated
LPF-40D-SPEC.PDF,LPF-40D-12,40.08,12,,ordered-truncated
LPF-40D-SPEC.PDF,LPF-40D-15,40.08,15,,ordered-truncated
LPF-40D-SPEC.PDF,LPF-40D-20,40,20,,ordered-truncated
LPF-40D-SPEC.PDF,LPF-40D-24,40.08,24,,ordered-truncated
LPF-40D-SPEC.PDF,LPF-40D-30,40.2,30,,ordered-truncated
LPF-40D-SPEC.PDF,LPF-40D-36,40.32,48,,ordered-truncated
LPF-40D-SPEC.PDF,LPF-40D-42,41.04,54,,ordered-truncated
LPF-60-SPEC.PDF,LPF-60-12,60,12,,ordered-truncated
LPF-60-SPEC.PDF,LPF-60-15,60,15,,ordered-truncated
LPF-60-SPEC.PDF,LPF-60-20,60,20,,ordered-truncated
LPF-60-SPEC.PDF,LPF-60-24,60,24,,ordered-truncated
LPF-60-SPEC.PDF,LPF-60-30,60,30,,ordered-truncated
LPF-60-SPEC.PDF,LPF-60-36,60,48,,ordered-truncated
LPF-60-SPEC.PDF,LPF-60-42,60.48,54,,ordered-truncated
LPF-60D-SPEC.PDF,LPF-60D-12,60,12,,ordered-truncated
LPF-60D-SPEC.PDF,LPF-60D-15,60,15,,ordered-truncated
LPF-60D-SPEC.PDF,LPF-60D-20,60,20,,ordered-truncated
LPF-60D-SPEC.PDF,LPF-60D-24,60,24,,ordered-truncated
LPF-60D-SPEC.PDF,LPF-60D-30,60,30,,ordered-truncated
LPF-60D-SPEC.PDF,LPF-60D-36,60,48,,ordered-truncated
LPF-60D-SPEC.PDF,LPF-60D-42,60.48,54,,ordered-truncated
LPF-90-SPEC.PDF,LPF-90-15,75,15,,ordered-truncated
LPF-90-SPEC.PDF,LPF-90-20,90,20,,ordered-truncated
LPF-90-SPEC.PDF,LPF-90-24,90,24,,ordered-truncated
LPF-90-SPEC.PDF,LPF-90-30,90,30,,ordered-truncated
LPF-90-SPEC.PDF,LPF-90-36,90.24,48,,ordered-truncated
LPF-90-SPEC.PDF,LPF-90-42,90.18,54,,ordered-truncated
LPF-90D-SPEC.PDF,LPF-90D-15,75,15,,ordered-truncated
LPF-90D-SPEC.PDF,LPF-90D-20,90,20,,ordered-truncated
LPF-90D-SPEC.PDF,LPF-90D-24,90,24,,ordered-truncated
LPF-90D-SPEC.PDF,LPF-90D-30,90,30,,ordered-truncated
LPF-90D-SPEC.PDF,LPF-90D-36,90.24,48,,ordered-truncated
LPF-90D-SPEC.PDF,LPF-90D-42,90.18,54,,ordered-truncated
LPH-18-SPEC.pdf,LPH-18-12,18,12,,ordered
LPH-18-SPEC.pdf,LPH-18-24,18,24,,ordered
LPH-18-SPEC.pdf,LPH-18-36,18,36,,ordered
LPHC-18-SPEC.pdf,LPHC-18-350,16.8,48,,ordered
LPHC-18-SPEC.pdf,LPHC-18-700,17.5,25,,ordered
LPP-100-SPEC.PDF,LPP-100-12,102,12,,ordered
LPP-100-SPEC.PDF,LPP-100-13.5,101.25,13.5,,ordered
LPP-100-SPEC.PDF,LPP-100-15,100.5,15,,ordered
LPP-100-SPEC.PDF,LPP-100-24,100.8,24,,ordered
LPP-100-SPEC.PDF,LPP-100-27,102.6,27,,ordered
LPP-100-SPEC.PDF,LPP-100-3.3,66,3.3,,ordered
LPP-100-SPEC.PDF,LPP-100-48,100.8,48,,ordered
LPP-100-SPEC.PDF,LPP-100-5,100,5,,ordered
LPP-100-SPEC.PDF,LPP-100-7.5,101.25,7.5,,ordered
LPP-150-SPEC.PDF,LPP-150-12,150,12,,ordered
LPP-150-SPEC.PDF,LPP-150-13.5,151.2,13.5,,ordered
LPP-150-SPEC.PDF,LPP-150-15,150,15,,ordered
LPP-150-SPEC.PDF,LPP-150-24,151.2,24,,ordered
LPP-150-SPEC.PDF,LPP-150-27,151.2,27,,ordered
LPP-150-SPEC.PDF,LPP-150-3.3,99,3.3,,ordered
LPP-150-SPEC.PDF,LPP-150-48,153.6,48,,ordered
LPP-150-SPEC.PDF,LPP-150-5,150,5,,ordered
LPP-150-SPEC.PDF,LPP-150-7.5,150,7.5,,ordered
LPS-100-SPEC.PDF,LPS-100-12,100.8,12,,ordered-truncated
LPS-100-SPEC.PDF,LPS-100-13.5,101.25,13.5,,ordered-truncated
LPS-100-SPEC.PDF,LPS-100-15,100.5,15,,ordered-truncated
LPS-100-SPEC.PDF,LPS-100-24,100.8,24,,ordered-truncated
LPS-100-SPEC.PDF,LPS-100-27,144,27,,ordered-truncated
LPS-100-SPEC.PDF,LPS-100-3.3,66,3.3,,ordered-truncated
LPS-100-SPEC.PDF,LPS-100-48,102.6,48,,ordered-truncated
LPS-100-SPEC.PDF,LPS-100-5,100,5,,ordered-truncated
LPS-100-SPEC.PDF,LPS-100-7.5,99.75,7.5,,ordered-truncated
LPS-50-SPEC.PDF,LPS-50-12,50.4,12,,ordered
LPS-50-SPEC.PDF,LPS-50-15,51,15,,ordered
LPS-50-SPEC.PDF,LPS-50-24,50.4,24,,ordered
LPS-50-SPEC.PDF,LPS-50-3.3,33,3.3,,ordered
LPS-50-SPEC.PDF,LPS-50-48,52.8,48,,ordered
LPS-50-SPEC.PDF,LPS-50-5,50,5,,ordered
LPS-75-SPEC.PDF,LPS-75-12,74.4,12,,ordered
LPS-75-SPEC.PDF,LPS-75-15,75,15,,ordered
LPS-75-SPEC.PDF,LPS-75-24,76.8,24,,ordered
LPS-75-SPEC.PDF,LPS-75-3.3,49.5,3.3,,ordered
LPS-75-SPEC.PDF,LPS-75-48,75,48,,ordered
LPS-75-SPEC.PDF,LPS-75-5,75,5,,ordered
LPV-100-SPEC.pdf,LPV-100-12,102,12,,ordered
LPV-100-SPEC.pdf,LPV-100-15,100.5,15,,ordered
LPV-100-SPEC.pdf,LPV-100-24,100.8,24,,ordered
LPV-100-SPEC.pdf,LPV-100-36,100.8,36,,ordered
LPV-100-SPEC.pdf,LPV-100-48,100.8,48,,ordered
LPV-100-SPEC.pdf,LPV-100-5,60,5,,ordered
LPV-150-SPEC.PDF,LPV-150-15,120,15,,single-power-for-all
LPV-150-SPEC.PDF,LPV-150-36,120,,,single-power-for-all
LPV-150-SPEC.PDF,LPV-150-48,120,,,single-power-for-all
LPV-20-SPEC.pdf,LPV-20-12,20,12,,ordered
LPV-20-SPEC.pdf,LPV-20-15,20,15,,ordered
LPV-20-SPEC.pdf,LPV-20-24,20.2,24,,ordered
LPV-20-SPEC.pdf,LPV-20-5,15,5,,ordered
LPV-35-SPEC.pdf,LPV-35-12,36,12,,ordered
LPV-35-SPEC.pdf,LPV-35-15,36,15,,ordered
LPV-35-SPEC.pdf,LPV-35-24,36,24,,ordered
LPV-35-SPEC.pdf,LPV-35-36,36,36,,ordered
LPV-35-SPEC.pdf,LPV-35-5,30,5,,ordered
LPV-60-SPEC.pdf,LPV-60-12,60,12,,ordered
LPV-60-SPEC.pdf,LPV-60-15,60,15,,ordered
LPV-60-SPEC.pdf,LPV-60-24,60,24,,ordered
LPV-60-SPEC.pdf,LPV-60-36,60,36,,ordered
LPV-60-SPEC.pdf,LPV-60-48,60,48,,ordered
LPV-60-SPEC.pdf,LPV-60-5,40,5,,ordered
"LPV,LPVL-150-SPEC.pdf","LPV,LPVL-150",120,15,,ordered
"LPV,LPVL-150-SPEC (1).pdf","LPV,LPVL-150-SPEC (1)",120,15,,ordered
LPVL-150-SPEC.PDF,LPVL-150-12,120,15,,single-power-for-all
LPVL-150-SPEC.PDF,LPVL-150-12-LPV-150-24,120,24,,single-power-for-all
LRS-100.pdf,LRS-100-12,100,,,single-power-for-all
LRS-100.pdf,LRS-100-15,100,,,single-power-for-all
LRS-100.pdf,LRS-100-24,100,,,single-power-for-all
LRS-100.pdf,LRS-100-3.3,100,3.3,,single-power-for-all
LRS-100.pdf,LRS-100-36,100,,,single-power-for-all
LRS-100.pdf,LRS-100-48,100,,,single-power-for-all
LRS-100.pdf,LRS-100-5,100,48,,single-power-for-all
LRS-100N2-spec.pdf,LRS-100N2-12,100,48,,single-power-for-all
LRS-100N2-spec.pdf,LRS-100N2-24,100,48,,single-power-for-all
LRS-100N2-spec.pdf,LRS-100N2-36,100,48,,single-power-for-all
LRS-100N2-spec.pdf,LRS-100N2-48,100,48,,single-power-for-all
LRS-1200.pdf,LRS-1200-12,1200,12,,single-power-for-all
LRS-1200.pdf,LRS-1200-24,1200,24,,single-power-for-all
LRS-1200.pdf,LRS-1200-36,1200,36,,single-power-for-all
LRS-1200.pdf,LRS-1200-48,1200,48,,single-power-for-all
LRS-150.pdf,LRS-150-12,150,48,,x-position
LRS-150.pdf,LRS-150-15,154.8,48,,x-position
LRS-150.pdf,LRS-150-24,158.4,48,,x-position
LRS-150F.pdf,LRS-150F-12,154.8,48,,x-position
LRS-150F.pdf,LRS-150F-15,158.4,48,,x-position
LRS-150F.pdf,LRS-150F-5,150,48,,x-position
LRS-200.pdf,LRS-200-4.2,200,4.2,,single-power-for-all
LRS-200.pdf,LRS-200-5,200,5,,single-power-for-all
LRS-200N2-spec.pdf,LRS-200N2-12,200,48,,single-power-for-all
LRS-200N2-spec.pdf,LRS-200N2-12-200N2-36,200,48,,single-power-for-all
LRS-200N2-spec.pdf,LRS-200N2-24,200,48,,single-power-for-all
LRS-200N2-spec.pdf,LRS-200N2-48,200,48,,single-power-for-all
LRS-35.pdf,LRS-35-12,36,15,,x-position
LRS-35.pdf,LRS-35-15,38.4,,,x-position
LRS-35.pdf,LRS-35-5,35,5,,x-position
LRS-350.pdf,LRS-350-4.2,200,3.3,,single-power-for-all
LRS-350.pdf,LRS-350-5,200,48,,single-power-for-all
LRS-350N2-spec.pdf,LRS-350N2-12,200,36,,single-power-for-all
LRS-350N2-spec.pdf,LRS-350N2-24,200,,,single-power-for-all
LRS-350N2-spec.pdf,LRS-350N2-36,200,48,,single-power-for-all
LRS-350N2-spec.pdf,LRS-350N2-48,200,,,single-power-for-all
LRS-450.pdf,LRS-450-12,200,15,,single-power-for-all
LRS-450.pdf,LRS-450-15,200,,,single-power-for-all
LRS-450.pdf,LRS-450-24,200,,,single-power-for-all
LRS-450.pdf,LRS-450-36,200,,,single-power-for-all
LRS-450.pdf,LRS-450-48,200,,,single-power-for-all
LRS-450.pdf,LRS-450-5,200,5,,single-power-for-all
LRS-50.pdf,LRS-50-12,51,15,,x-position
LRS-50.pdf,LRS-50-15,52.8,,,x-position
LRS-50.pdf,LRS-50-3.3,33,3.3,,x-position
LRS-50.pdf,LRS-50-5,50,5,,x-position
LRS-600.pdf,LRS-600-12,200,48,,single-power-for-all
LRS-600.pdf,LRS-600-15,200,48,,single-power-for-all
LRS-600.pdf,LRS-600-24,200,48,,single-power-for-all
LRS-600.pdf,LRS-600-27,200,48,,single-power-for-all
LRS-600.pdf,LRS-600-36,200,48,,single-power-for-all
LRS-600.pdf,LRS-600-48,200,48,,single-power-for-all
LRS-600.pdf,LRS-600-5,200,48,,single-power-for-all
LRS-600N2-spec.pdf,LRS-600N2-12,200,12,,single-power-for-all
LRS-600N2-spec.pdf,LRS-600N2-24,200,36,,single-power-for-all
LRS-600N2-spec.pdf,LRS-600N2-36,200,48,,single-power-for-all
LRS-600N2-spec.pdf,LRS-600N2-48,200,,,single-power-for-all
LRS-75.pdf,LRS-75-12,75.6,48,,x-position
LRS-75.pdf,LRS-75-15,76.8,,,x-position
LRS-75.pdf,LRS-75-5,72,36,,x-position
LSP-160-spec.pdf,LSP-160-12,160,12,Blank|ENCLOSED|BUILT|R,single-power-for-all
LSP-160-spec.pdf,LSP-160-24,160,4.2,Blank|ENCLOSED|BUILT|R,single-power-for-all
LSP-160-spec.pdf,LSP-160-36,160,3.3,Blank|ENCLOSED|BUILT|R,single-power-for-all
LSP-160-spec.pdf,LSP-160-48,160,,Blank|ENCLOSED|BUILT|R,single-power-for-all
MDD01-N-SPEC.PDF,MDD01-N,1,3.3,,ordered
MDD02-N-SPEC.PDF,MDD02-N,2,3.3,,ordered
MDD03-SPEC.PDF,MDD03,3,12,,ordered
MDD06-SPEC.PDF,MDD06,6,12,,ordered
MDR-10.pdf,MDR-10-12,10,12,,ordered
MDR-10.pdf,MDR-10-15,10,15,,ordered
MDR-10.pdf,MDR-10-24,10,24,,ordered
MDR-10.pdf,MDR-10-5,10,5,,ordered
MDR-100.pdf,MDR-100-12,90,12,,ordered
MDR-100.pdf,MDR-100-24,96,24,,ordered
MDR-100.pdf,MDR-100-48,96,48,,ordered
MDR-20.pdf,MDR-20-12,20,12,,ordered
MDR-20.pdf,MDR-20-15,20,15,,ordered
MDR-20.pdf,MDR-20-24,24,24,,ordered
MDR-20.pdf,MDR-20-5,15,5,,ordered
MDR-40.pdf,MDR-40-12,40,12,,ordered
MDR-40.pdf,MDR-40-24,40.8,24,,ordered
MDR-40.pdf,MDR-40-48,39.8,48,,ordered
MDR-40.pdf,MDR-40-5,30,5,,ordered
MDR-60.pdf,MDR-60-12,60,12,,ordered
MDR-60.pdf,MDR-60-24,60,24,,ordered
MDR-60.pdf,MDR-60-48,60,48,,ordered
MDR-60.pdf,MDR-60-5,50,5,,ordered
MDS01-N-SPEC.PDF,MDS01-N-MDD01-N,1,3,,ordered
"MDS01-N,MDD01-N-spec.pdf","MDS01-N,MDD01-N",1,3,,ordered
MDS02-N-SPEC.PDF,MDS02-N-MDD02-N,2,3,,ordered
"MDS02-N,MDD02-N-spec.pdf","MDS02-N,MDD02-N",2,3,,ordered
MDS03-SPEC.PDF,MDS03-MDD03,3,12,,ordered
"MDS03,MDD03-spec.pdf","MDS03,MDD03",3,10,,ordered
MDS06-SPEC.PDF,MDS06-MDD06,6,12,,ordered
"MDS06,MDD06-spec.pdf","MDS06,MDD06",6,10,,ordered
MDS15-spec.pdf,MDS15,15,36,,ordered
MDS20-spec.pdf,MDS20,20,36,,ordered
MFM-05-spec.pdf,MFM-05-12,5,12,,ordered
MFM-05-spec.pdf,MFM-05-15,5,15,,ordered
MFM-05-spec.pdf,MFM-05-24,5.5,24,,ordered
MFM-05-spec.pdf,MFM-05-3.3,4.1,3.3,,ordered
MFM-05-spec.pdf,MFM-05-5,5,5,,ordered
MFM-10-spec.pdf,MFM-10-12,10.2,12,,ordered
MFM-10-spec.pdf,MFM-10-15,10,15,,ordered
MFM-10-spec.pdf,MFM-10-24,10,24,,ordered
MFM-10-spec.pdf,MFM-10-3.3,8.3,3.3,,ordered
MFM-10-spec.pdf,MFM-10-5,10,5,,ordered
MFM-15-spec.pdf,MFM-15-12,15,12,,ordered
MFM-15-spec.pdf,MFM-15-15,15,15,,ordered
MFM-15-spec.pdf,MFM-15-24,15.1,24,,ordered
MFM-15-spec.pdf,MFM-15-3.3,11.6,3.3,,ordered
MFM-15-spec.pdf,MFM-15-5,15,5,,ordered
MFM-20-spec.pdf,MFM-20-12,21,15,,ordered-truncated
MFM-20-spec.pdf,MFM-20-15,21.6,24,,ordered-truncated
MFM-20-spec.pdf,MFM-20-3.3,20,5,,ordered-truncated
MFM-20-spec.pdf,MFM-20-5,21.6,12,,ordered-truncated
MFM-30-spec.pdf,MFM-30-12,30,12,,ordered
MFM-30-spec.pdf,MFM-30-15,30,15,,ordered
MFM-30-spec.pdf,MFM-30-24,31.2,24,,ordered
MFM-30-spec.pdf,MFM-30-3.3,19.8,3.3,,ordered
MFM-30-spec.pdf,MFM-30-48,30.2,48,,ordered
MFM-30-spec.pdf,MFM-30-5,30,5,,ordered
MHB100-SPEC.PDF,MHB100-24S05,100,5,,single-power-for-all
MHB100-SPEC.PDF,MHB100-24S12,100,12,,single-power-for-all
MHB100-SPEC.PDF,MHB100-24S24,100,24,,single-power-for-all
MHB100-SPEC.PDF,MHB100-48S05,100,5,,single-power-for-all
MHB100-SPEC.PDF,MHB100-48S12,100,12,,single-power-for-all
MHB100-SPEC.PDF,MHB100-48S24,100,24,,single-power-for-all
MHB150-SPEC.PDF,MHB150-48S05,150,5,,single-power-for-all
MHB150-SPEC.PDF,MHB150-48S12,150,12,,single-power-for-all
MHB150-SPEC.PDF,MHB150-48S24,150,24,,single-power-for-all
MHB75-SPEC.PDF,MHB75-12S05,75,5,,single-power-for-all
MHB75-SPEC.PDF,MHB75-12S12,75,12,,single-power-for-all
MHB75-SPEC.PDF,MHB75-12S24,75,24,,single-power-for-all
MHB75-SPEC.PDF,MHB75-24S05,75,5,,single-power-for-all
MHB75-SPEC.PDF,MHB75-24S12,75,12,,single-power-for-all
MHB75-SPEC.PDF,MHB75-24S24,75,24,,single-power-for-all
MHB75-SPEC.PDF,MHB75-48S05,75,5,,single-power-for-all
MHB75-SPEC.PDF,MHB75-48S12,75,12,,single-power-for-all
MHB75-SPEC.PDF,MHB75-48S24,75,24,,single-power-for-all
MP series-spec.pdf,MP SERIES-12,156,12,,ordered
MP series-spec.pdf,MP SERIES-15,150,15,,ordered
MP series-spec.pdf,MP SERIES-18,153,18,,ordered
MP series-spec.pdf,MP SERIES-2,50,2,,ordered
MP series-spec.pdf,MP SERIES-24,156,24,,ordered
MP series-spec.pdf,MP SERIES-27,156.6,27,,ordered
MP series-spec.pdf,MP SERIES-3.3,82.5,3.3,,ordered
MP series-spec.pdf,MP SERIES-33,155.1,33,,ordered
MP series-spec.pdf,MP SERIES-48,153.6,48,,ordered
MP series-spec.pdf,MP SERIES-5,125,5,,ordered
MP series-spec.pdf,MP SERIES-7.5,135,7.5,,ordered
MP series-spec (1).pdf,MP SERIES-SPEC (1)-12,156,12,,ordered
MP series-spec (1).pdf,MP SERIES-SPEC (1)-15,150,15,,ordered
MP series-spec (1).pdf,MP SERIES-SPEC (1)-18,153,18,,ordered
MP series-spec (1).pdf,MP SERIES-SPEC (1)-2,50,2,,ordered
MP series-spec (1).pdf,MP SERIES-SPEC (1)-24,156,24,,ordered
MP series-spec (1).pdf,MP SERIES-SPEC (1)-27,156.6,27,,ordered
MP series-spec (1).pdf,MP SERIES-SPEC (1)-3.3,82.5,3.3,,ordered
MP series-spec (1).pdf,MP SERIES-SPEC (1)-33,155.1,33,,ordered
MP series-spec (1).pdf,MP SERIES-SPEC (1)-48,153.6,48,,ordered
MP series-spec (1).pdf,MP SERIES-SPEC (1)-5,125,5,,ordered
MP series-spec (1).pdf,MP SERIES-SPEC (1)-7.5,135,7.5,,ordered
MP series-spec (2).pdf,MP SERIES-SPEC (2)-12,156,12,,ordered
MP series-spec (2).pdf,MP SERIES-SPEC (2)-15,150,15,,ordered
MP series-spec (2).pdf,MP SERIES-SPEC (2)-18,153,18,,ordered
MP series-spec (2).pdf,MP SERIES-SPEC (2)-2,50,2,,ordered
MP series-spec (2).pdf,MP SERIES-SPEC (2)-24,156,24,,ordered
MP series-spec (2).pdf,MP SERIES-SPEC (2)-27,156.6,27,,ordered
MP series-spec (2).pdf,MP SERIES-SPEC (2)-3.3,82.5,3.3,,ordered
MP series-spec (2).pdf,MP SERIES-SPEC (2)-33,155.1,33,,ordered
MP series-spec (2).pdf,MP SERIES-SPEC (2)-48,153.6,48,,ordered
MP series-spec (2).pdf,MP SERIES-SPEC (2)-5,125,5,,ordered
MP series-spec (2).pdf,MP SERIES-SPEC (2)-7.5,135,7.5,,ordered
MP%20series-spec.pdf,MP%20SERIES-12,156,12,,ordered
MP%20series-spec.pdf,MP%20SERIES-15,150,15,,ordered
MP%20series-spec.pdf,MP%20SERIES-18,153,18,,ordered
MP%20series-spec.pdf,MP%20SERIES-2,50,2,,ordered
MP%20series-spec.pdf,MP%20SERIES-24,156,24,,ordered
MP%20series-spec.pdf,MP%20SERIES-27,156.6,27,,ordered
MP%20series-spec.pdf,MP%20SERIES-3.3,82.5,3.3,,ordered
MP%20series-spec.pdf,MP%20SERIES-33,155.1,33,,ordered
MP%20series-spec.pdf,MP%20SERIES-48,153.6,48,,ordered
MP%20series-spec.pdf,MP%20SERIES-5,125,5,,ordered
MP%20series-spec.pdf,MP%20SERIES-7.5,135,7.5,,ordered
MP1K0-SPEC.PDF,MP1K0-,450,2,,single-power-for-all
MP1K0-SPEC.PDF,MP1K0-1C,450,,,single-power-for-all
MP450-SPEC.PDF,MP450-12,156,12,,ordered
MP450-SPEC.PDF,MP450-15,150,15,,ordered
MP450-SPEC.PDF,MP450-18,153,18,,ordered
MP450-SPEC.PDF,MP450-2,50,2,,ordered
MP450-SPEC.PDF,MP450-24,156,24,,ordered
MP450-SPEC.PDF,MP450-27,156.6,27,,ordered
MP450-SPEC.PDF,MP450-3.3,82.5,3.3,,ordered
MP450-SPEC.PDF,MP450-33,155.1,33,,ordered
MP450-SPEC.PDF,MP450-48,153.6,48,,ordered
MP450-SPEC.PDF,MP450-5,125,5,,ordered
MP450-SPEC.PDF,MP450-7.5,135,7.5,,ordered
MP650-SPEC.PDF,MP650-12,156,12,,ordered
MP650-SPEC.PDF,MP650-15,150,15,,ordered
MP650-SPEC.PDF,MP650-18,153,18,,ordered
MP650-SPEC.PDF,MP650-2,50,2,,ordered
MP650-SPEC.PDF,MP650-24,156,24,,ordered
MP650-SPEC.PDF,MP650-27,156.6,27,,ordered
MP650-SPEC.PDF,MP650-3.3,82.5,3.3,,ordered
MP650-SPEC.PDF,MP650-33,155.1,33,,ordered
MP650-SPEC.PDF,MP650-48,153.6,48,,ordered
MP650-SPEC.PDF,MP650-5,125,5,,ordered
MP650-SPEC.PDF,MP650-7.5,135,7.5,,ordered
MPM-05-spec.pdf,MPM-05-12,5,12,,ordered
MPM-05-spec.pdf,MPM-05-15,5,15,,ordered
MPM-05-spec.pdf,MPM-05-24,5.5,24,,ordered
MPM-05-spec.pdf,MPM-05-3.3,4.1,3.3,,ordered
MPM-05-spec.pdf,MPM-05-5,5,5,,ordered
MPM-10-spec.pdf,MPM-10-12,10.2,12,,ordered
MPM-10-spec.pdf,MPM-10-15,10,15,,ordered
MPM-10-spec.pdf,MPM-10-24,10,24,,ordered
MPM-10-spec.pdf,MPM-10-3.3,8.3,3.3,,ordered
MPM-10-spec.pdf,MPM-10-5,10,5,,ordered
MPM-15-spec.pdf,MPM-15-12,15,12,,ordered
MPM-15-spec.pdf,MPM-15-15,15,15,,ordered
MPM-15-spec.pdf,MPM-15-24,15.1,24,,ordered
MPM-15-spec.pdf,MPM-15-3.3,11.6,3.3,,ordered
MPM-15-spec.pdf,MPM-15-5,15,5,,ordered
MPM-20-spec.pdf,MPM-20-12,21,15,,ordered-truncated
MPM-20-spec.pdf,MPM-20-15,21.6,24,,ordered-truncated
MPM-20-spec.pdf,MPM-20-3.3,20,5,,ordered-truncated
MPM-20-spec.pdf,MPM-20-5,21.6,12,,ordered-truncated
MPM-30-spec.pdf,MPM-30-12,30,12,,ordered
MPM-30-spec.pdf,MPM-30-15,30,15,,ordered
MPM-30-spec.pdf,MPM-30-24,31.2,24,,ordered
MPM-30-spec.pdf,MPM-30-3.3,19.8,3.3,,ordered
MPM-30-spec.pdf,MPM-30-48,30.2,48,,ordered
MPM-30-spec.pdf,MPM-30-5,30,5,,ordered
MPM-45-spec.pdf,MPM-45-12,45,12,,single-power-for-all
MPM-45-spec.pdf,MPM-45-15,45,15,,single-power-for-all
MPM-45-spec.pdf,MPM-45-24,45,24,,single-power-for-all
MPM-45-spec.pdf,MPM-45-48,45,48,,single-power-for-all
MPM-45-spec.pdf,MPM-45-5,45,,,single-power-for-all
MPM-65-spec.pdf,MPM-65-12,65,12,,single-power-for-all
MPM-65-spec.pdf,MPM-65-15,65,15,,single-power-for-all
MPM-65-spec.pdf,MPM-65-24,65,24,,single-power-for-all
MPM-65-spec.pdf,MPM-65-48,65,48,,single-power-for-all
MPM-65-spec.pdf,MPM-65-5,65,,,single-power-for-all
MPM-90-spec.pdf,MPM-90-12,90,48,,single-power-for-all
MPM-90-spec.pdf,MPM-90-15,90,,,single-power-for-all
MPM-90-spec.pdf,MPM-90-24,90,12,,single-power-for-all
MPM-90-spec.pdf,MPM-90-48,90,,,single-power-for-all
MPQ-200-spec.pdf,MPQ-200B,200,5,,single-power-for-all
MPQ-200-spec.pdf,MPQ-200B-80MVP-P,200,5,,single-power-for-all
MSP-100-SPEC.pdf,MSP-100-12,102,12,,ordered
MSP-100-SPEC.pdf,MSP-100-15,105,15,,ordered
MSP-100-SPEC.pdf,MSP-100-24,108,24,,ordered
MSP-100-SPEC.pdf,MSP-100-3.3,66,3.3,,ordered
MSP-100-SPEC.pdf,MSP-100-36,104.4,36,,ordered
MSP-100-SPEC.pdf,MSP-100-48,105.6,48,,ordered
MSP-100-SPEC.pdf,MSP-100-5,85,5,,ordered
MSP-100-SPEC.pdf,MSP-100-7.5,101.3,7.5,,ordered
MSP-1000-spec.pdf,MSP-1000-12,960,12,,ordered-truncated
MSP-1000-spec.pdf,MSP-1000-15,1000,15,,ordered-truncated
MSP-1000-spec.pdf,MSP-1000-24,960,24,,ordered-truncated
MSP-1000-spec.pdf,MSP-1000-48,1000,48,,ordered-truncated
MSP-1600-spec.pdf,MSP-1600-12,1500,12,,ordered
MSP-1600-spec.pdf,MSP-1600-24,1608,24,,ordered
MSP-1600-spec.pdf,MSP-1600-36,1602,36,,ordered
MSP-1600-spec.pdf,MSP-1600-48,1608,48,,ordered
MSP-200-SPEC.pdf,MSP-200-12,200.4,12,,ordered
MSP-200-SPEC.pdf,MSP-200-15,201,15,,ordered
MSP-200-SPEC.pdf,MSP-200-24,201.6,24,,ordered
MSP-200-SPEC.pdf,MSP-200-3.3,132,3.3,,ordered
MSP-200-SPEC.pdf,MSP-200-36,205.2,36,,ordered
MSP-200-SPEC.pdf,MSP-200-48,206.4,48,,ordered
MSP-200-SPEC.pdf,MSP-200-5,175,5,,ordered
MSP-200-SPEC.pdf,MSP-200-7.5,200.3,7.5,,ordered
MSP-300-SPEC.pdf,MSP-300-12,324,12,,ordered
MSP-300-SPEC.pdf,MSP-300-15,330,15,,ordered
MSP-300-SPEC.pdf,MSP-300-24,336,24,,ordered
MSP-300-SPEC.pdf,MSP-300-3.3,198,3.3,,ordered
MSP-300-SPEC.pdf,MSP-300-36,324,36,,ordered
MSP-300-SPEC.pdf,MSP-300-48,336,48,,ordered
MSP-300-SPEC.pdf,MSP-300-5,300,5,,ordered
MSP-300-SPEC.pdf,MSP-300-7.5,300,7.5,,ordered
MSP-450-SPEC.pdf,MSP-450-12,450,12,,ordered
MSP-450-SPEC.pdf,MSP-450-15,450,15,,ordered
MSP-450-SPEC.pdf,MSP-450-24,451.2,24,,ordered
MSP-450-SPEC.pdf,MSP-450-3.3,297,3.3,,ordered
MSP-450-SPEC.pdf,MSP-450-36,450,36,,ordered
MSP-450-SPEC.pdf,MSP-450-48,456,48,,ordered
MSP-450-SPEC.pdf,MSP-450-5,450,5,,ordered
MSP-450-SPEC.pdf,MSP-450-7.5,450,7.5,,ordered
MSP-600-SPEC.pdf,MSP-600-12,636,12,,ordered
MSP-600-SPEC.pdf,MSP-600-15,645,15,,ordered
MSP-600-SPEC.pdf,MSP-600-24,648,24,,ordered
MSP-600-SPEC.pdf,MSP-600-3.3,396,3.3,,ordered
MSP-600-SPEC.pdf,MSP-600-36,630,36,,ordered
MSP-600-SPEC.pdf,MSP-600-48,624,48,,ordered
MSP-600-SPEC.pdf,MSP-600-5,600,5,,ordered
MSP-600-SPEC.pdf,MSP-600-7.5,600,7.5,,ordered
N78-spec.pdf,N78,3.3,40,,single-model-first-power
N78-2-spec.pdf,N78-2-SPEC,3.6,36,,single-model-first-power
NCP-3200-spec.pdf,NCP-3200-24,3192,24,Blank|CAN,ordered
NCP-3200-spec.pdf,NCP-3200-48,3216,48,Blank|CAN,ordered
NDR-120.pdf,NDR-120-12,120,12,,ordered
NDR-120.pdf,NDR-120-24,120,24,,ordered
NDR-120.pdf,NDR-120-48,120,48,,ordered
NDR-240.pdf,NDR-240-24,240,24,,ordered
NDR-240.pdf,NDR-240-48,240,48,,ordered
NDR-480.pdf,NDR-480-24,480,24,,ordered
NDR-480.pdf,NDR-480-48,480,48,,ordered
NDR-75.pdf,NDR-75-12,76.8,48,,ordered
NDR-75.pdf,NDR-75-24,75.6,12,,ordered
NDR-75.pdf,NDR-75-48,76.8,24,,ordered
NEL-400-SPEC.pdf,NEL-400-2.8,224,2.8,,single-power-for-all
NEL-400-SPEC.pdf,NEL-400-4.2,224,2.8,,single-power-for-all
NEL-400-SPEC.pdf,NEL-400-5,224,2.8,,single-power-for-all
NGE100-spec.pdf,NGE100,100,5,,single-power-for-all
NGE100-spec.pdf,NGE100U,100,12,,single-power-for-all
NGE12-spec.pdf,NGE12E,0.075,9,,single-power-for-all
NGE12-spec.pdf,NGE12I,0.075,5,,single-power-for-all
NGE12-spec.pdf,NGE12U,0.075,15,,single-power-for-all
NGE18-spec.pdf,NGE18EXX-P1J,18,24,,x-position
NGE18-spec.pdf,NGE18IXX/UXX-P1J,15,12,,x-position
NGE30-spec.pdf,NGE30EXX-P1J,30,15,,x-position
NGE30-spec.pdf,NGE30IXX/UXX-P1J,20,5,,x-position
NGE45-spec.pdf,NGE45EXX-P1J,45,15,,x-position
NGE45-spec.pdf,NGE45IXX/UXX-P1J,28.1,9,,x-position
NGE65-spec.pdf,NGE65EXX-P1J,65.1,24,,x-position
NGE65-spec.pdf,NGE65IXX/UXX-P1J,30,12,,x-position
NGE90-spec.pdf,NGE90EXX-P1J,90,18,,x-position
NGE90-spec.pdf,NGE90IXX/UXX-P1J,82.5,15,,x-position
NHDD-40-spec.pdf,NHDD-40-100,35,359,,single-power-for-all
NHDD-40-spec.pdf,NHDD-40-100-100MA,35,359,,single-power-for-all
NID100-spec.pdf,NID100-12,90,12,,ordered
NID100-spec.pdf,NID100-15,97.5,15,,ordered
NID100-spec.pdf,NID100-24,100.8,24,,ordered
NID100-4.2(Modification)-spec.pdf,NID100-4.2,46.2,4.2,,ordered
NID100-4.2(Modification)-spec.pdf,NID100-4.2H,63,4.2,,ordered
NID100-spec.pdf,NID100-5,55,5,,ordered
NID35-spec.pdf,NID35-12,34.8,12,,ordered
NID35-spec.pdf,NID35-15,36,15,,ordered
NID35-spec.pdf,NID35-24,36,24,,ordered
NID35-spec.pdf,NID35-5,17.5,5,,ordered
NID65-spec.pdf,NID65-12,58.8,12,,ordered
NID65-spec.pdf,NID65-15,64.5,15,,ordered
NID65-spec.pdf,NID65-24,64.8,24,,ordered
NID65-spec.pdf,NID65-5,32.5,5,,ordered
NMP-series-spec (1).pdf,NMP-SERIES-SPEC (1),650,5,,single-model-first-power
NMP1K2-SPEC.PDF,NMP1K2,650,,,single-model-first-power
NMP-series-spec.pdf,NMP650,650,,,single-model-first-power
NMP650-SPEC.PDF,NMP650,650,,,single-model-first-power
NPB-120-spec.pdf,NPB-120-12,103.4,13.8,,ordered-truncated
NPB-120-spec.pdf,NPB-120-24,121.6,27.6,,ordered-truncated
NPB-120-spec.pdf,NPB-120-48,121.6,55.2,,ordered-truncated
NPB-1200-spec.pdf,NPB-1200-12,1176,16.8,,ordered
NPB-1200-spec.pdf,NPB-1200-24,1209.6,12,,ordered
NPB-1200-spec.pdf,NPB-1200-48,1209.6,33.6,,ordered
NPB-1700-spec.pdf,NPB-1700-12,1428,16.8,,ordered
NPB-1700-spec.pdf,NPB-1700-24,1680,12,,ordered
NPB-1700-spec.pdf,NPB-1700-48,1680,33.6,,ordered
NPB-240-spec.pdf,NPB-240-12,205.2,14.4,,ordered-truncated
NPB-240-spec.pdf,NPB-240-24,243.2,28.8,,ordered-truncated
NPB-240-spec.pdf,NPB-240-48,243.2,57.6,,ordered-truncated
NPB-360-spec.pdf,NPB-360-12,304,14.4,,ordered-truncated
NPB-360-spec.pdf,NPB-360-24,364.8,28.8,,ordered-truncated
NPB-360-spec.pdf,NPB-360-48,364.8,57.6,,ordered-truncated
NPB-450-spec.pdf,NPB-450-12,420,16.8,,ordered
NPB-450-spec.pdf,NPB-450-24,453.6,12,,ordered
NPB-450-spec.pdf,NPB-450-48,456.96,33.6,,ordered
NPB-450-spec.pdf,NPB-450-72,462,24,,ordered
NPB-750-spec.pdf,NPB-750-12,722.4,16.8,,ordered
NPB-750-spec.pdf,NPB-750-24,756,12,,ordered
NPB-750-spec.pdf,NPB-750-48,759.4,33.6,,ordered
NPF-120-SPEC.PDF,NPF-120-12,120,12,,ordered-truncated
NPF-120-SPEC.PDF,NPF-120-15,120,15,,ordered-truncated
NPF-120-SPEC.PDF,NPF-120-20,120,20,,ordered-truncated
NPF-120-SPEC.PDF,NPF-120-24,120,24,,ordered-truncated
NPF-120-SPEC.PDF,NPF-120-30,120,30,,ordered-truncated
NPF-120-SPEC.PDF,NPF-120-36,120,48,,ordered-truncated
NPF-120-SPEC.PDF,NPF-120-42,124.2,54,,ordered-truncated
NPF-120D-SPEC.PDF,NPF-120D-12,120,12,Blank|BE,x-position
NPF-120D-SPEC.PDF,NPF-120D-15,120,15,Blank|BE,x-position
NPF-120D-SPEC.PDF,NPF-120D-20,120,20,Blank|BE,x-position
NPF-120D-SPEC.PDF,NPF-120D-24,120,24,Blank|BE,x-position
NPF-120D-SPEC.PDF,NPF-120D-30,120,30,Blank|BE,x-position
NPF-120D-SPEC.PDF,NPF-120D-36,120,48,Blank|BE,x-position
NPF-120D-SPEC.PDF,NPF-120D-42,124.2,54,Blank|BE,x-position
NPF-200-spec.pdf,NPF-200,180,12,Blank|V,single-model-first-power
NPF-40-SPEC.PDF,NPF-40-12,40.08,12,,ordered-truncated
NPF-40-SPEC.PDF,NPF-40-15,40.08,15,,ordered-truncated
NPF-40-SPEC.PDF,NPF-40-20,40,20,,ordered-truncated
NPF-40-SPEC.PDF,NPF-40-24,40.08,24,,ordered-truncated
NPF-40-SPEC.PDF,NPF-40-30,40.2,30,,ordered-truncated
NPF-40-SPEC.PDF,NPF-40-36,40.32,48,,ordered-truncated
NPF-40-SPEC.PDF,NPF-40-42,41.04,54,,ordered-truncated
NPF-40D-SPEC.PDF,NPF-40D-12,40.08,12,,x-position
NPF-40D-SPEC.PDF,NPF-40D-15,40.08,15,,x-position
NPF-40D-SPEC.PDF,NPF-40D-20,40,20,,x-position
NPF-40D-SPEC.PDF,NPF-40D-24,40.08,24,,x-position
NPF-40D-SPEC.PDF,NPF-40D-30,40.2,30,,x-position
NPF-40D-SPEC.PDF,NPF-40D-36,40.32,48,,x-position
NPF-40D-SPEC.PDF,NPF-40D-42,41.04,54,,x-position
NPF-60-SPEC.PDF,NPF-60-12,60,12,,ordered-truncated
NPF-60-SPEC.PDF,NPF-60-15,60,15,,ordered-truncated
NPF-60-SPEC.PDF,NPF-60-20,60,20,,ordered-truncated
NPF-60-SPEC.PDF,NPF-60-24,60,24,,ordered-truncated
NPF-60-SPEC.PDF,NPF-60-30,60,30,,ordered-truncated
NPF-60-SPEC.PDF,NPF-60-36,60,48,,ordered-truncated
NPF-60-SPEC.PDF,NPF-60-42,60.48,54,,ordered-truncated
NPF-60D-SPEC.PDF,NPF-60D-12,60,12,,x-position
NPF-60D-SPEC.PDF,NPF-60D-15,60,15,,x-position
NPF-60D-SPEC.PDF,NPF-60D-20,60,20,,x-position
NPF-60D-SPEC.PDF,NPF-60D-24,60,24,,x-position
NPF-60D-SPEC.PDF,NPF-60D-30,60,30,,x-position
NPF-60D-SPEC.PDF,NPF-60D-36,60,48,,x-position
NPF-60D-SPEC.PDF,NPF-60D-42,60.48,54,,x-position
NPF-90-SPEC.PDF,NPF-90-12,90,12,,ordered-truncated
NPF-90-SPEC.PDF,NPF-90-15,90,15,,ordered-truncated
NPF-90-SPEC.PDF,NPF-90-20,90,20,,ordered-truncated
NPF-90-SPEC.PDF,NPF-90-24,90,24,,ordered-truncated
NPF-90-SPEC.PDF,NPF-90-30,90,30,,ordered-truncated
NPF-90-SPEC.PDF,NPF-90-36,90.24,48,,ordered-truncated
NPF-90-SPEC.PDF,NPF-90-42,90.18,54,,ordered-truncated
NPF-90D-SPEC.PDF,NPF-90D-12,90,12,,x-position
NPF-90D-SPEC.PDF,NPF-90D-15,90,15,,x-position
NPF-90D-SPEC.PDF,NPF-90D-20,90,20,,x-position
NPF-90D-SPEC.PDF,NPF-90D-24,90,24,,x-position
NPF-90D-SPEC.PDF,NPF-90D-30,90,30,,x-position
NPF-90D-SPEC.PDF,NPF-90D-36,90.24,48,,x-position
NPF-90D-SPEC.PDF,NPF-90D-42,90.18,54,,x-position
NPP-1200-spec.pdf,NPP-1200-12,1200,16.8,,single-power-for-all
NPP-1200-spec.pdf,NPP-1200-24,1200,12,,single-power-for-all
NPP-1200-spec.pdf,NPP-1200-48,1200,33.6,,single-power-for-all
NPP-1700-spec.pdf,NPP-1700-12,1700,16.8,,single-power-for-all
NPP-1700-spec.pdf,NPP-1700-24,1700,12,,single-power-for-all
NPP-1700-spec.pdf,NPP-1700-48,1700,33.6,,single-power-for-all
NPP-450-spec.pdf,NPP-450-12,450,16.8,,single-power-for-all
NPP-450-spec.pdf,NPP-450-24,450,12,,single-power-for-all
NPP-450-spec.pdf,NPP-450-48,450,33.6,,single-power-for-all
NPP-450-spec.pdf,NPP-450-72,450,24,,single-power-for-all
NPP-750-spec.pdf,NPP-750-12,750,16.8,,single-power-for-all
NPP-750-spec.pdf,NPP-750-24,750,12,,single-power-for-all
NPP-750-spec.pdf,NPP-750-48,750,33.6,,single-power-for-all
NSD05-S-SPEC.PDF,NSD05-12S12,5.04,12,,ordered
NSD05-S-SPEC.PDF,NSD05-12S15,4.95,15,,ordered
NSD05-S-SPEC.PDF,NSD05-12S3,3.96,3.3,,ordered
NSD05-S-SPEC.PDF,NSD05-12S5,5,5,,ordered
NSD05-S-SPEC.PDF,NSD05-48S12,5.04,12,,ordered
NSD05-S-SPEC.PDF,NSD05-48S15,4.95,15,,ordered
NSD05-S-SPEC.PDF,NSD05-48S3,3.96,3.3,,ordered
NSD05-S-SPEC.PDF,NSD05-48S5,5,5,,ordered
NSD10-D-SPEC.PDF,NSD10-12D12,10.08,5,,ordered
NSD10-D-SPEC.PDF,NSD10-12D15,9.9,12,,ordered
NSD10-D-SPEC.PDF,NSD10-12D5,10,5,,ordered
NSD10-S-SPEC.PDF,NSD10-12S12,9.96,12,,ordered
NSD10-S-SPEC.PDF,NSD10-12S15,10.05,15,,ordered
NSD10-S-SPEC.PDF,NSD10-12S3,8.25,3.3,,ordered
NSD10-S-SPEC.PDF,NSD10-12S5,10,5,,ordered
NSD10-S-SPEC.PDF,NSD10-12S9,9.9,9,,ordered
NSD10-D-SPEC.PDF,NSD10-48D12,10.08,15,,ordered
NSD10-D-SPEC.PDF,NSD10-48D15,9.9,15,,ordered
NSD10-D-SPEC.PDF,NSD10-48D5,10,12,,ordered
NSD10-S-SPEC.PDF,NSD10-48S12,9.96,12,,ordered
NSD10-S-SPEC.PDF,NSD10-48S15,10.05,15,,ordered
NSD10-S-SPEC.PDF,NSD10-48S3,8.25,3.3,,ordered
NSD10-S-SPEC.PDF,NSD10-48S5,10,5,,ordered
NSD10-S-SPEC.PDF,NSD10-48S9,9.9,9,,ordered
NSD15-D-SPEC.PDF,NSD15-12D12,14.88,5,,ordered
NSD15-D-SPEC.PDF,NSD15-12D15,15,12,,ordered
NSD15-D-SPEC.PDF,NSD15-12D5,15,5,,ordered
NSD15-S-SPEC.PDF,NSD15-12S12,15,12,,ordered
NSD15-S-SPEC.PDF,NSD15-12S15,15,15,,ordered
NSD15-S-SPEC.PDF,NSD15-12S3,12.375,3.3,,ordered
NSD15-S-SPEC.PDF,NSD15-12S5,15,5,,ordered
NSD15-D-SPEC.PDF,NSD15-48D12,14.88,15,,ordered
NSD15-D-SPEC.PDF,NSD15-48D15,15,15,,ordered
NSD15-D-SPEC.PDF,NSD15-48D5,15,12,,ordered
NSD15-S-SPEC.PDF,NSD15-48S12,15,12,,ordered
NSD15-S-SPEC.PDF,NSD15-48S15,15,15,,ordered
NSD15-S-SPEC.PDF,NSD15-48S3,12.375,3.3,,ordered
NSD15-S-SPEC.PDF,NSD15-48S5,15,5,,ordered
NSP-100-spec.pdf,NSP-100-12,100.5,12,,x-position
NSP-100-spec.pdf,NSP-100-15,100.8,15,,x-position
NSP-100-spec.pdf,NSP-100-24,99.9,24,,x-position
NSP-100-spec.pdf,NSP-100-27,100.8,27,,x-position
NSP-100-spec.pdf,NSP-100-36,100.8,36,,x-position
NSP-100-spec.pdf,NSP-100-48,102,48,,x-position
NSP-100-spec.pdf,NSP-100-5,100,5,,x-position
NSP-100-spec.pdf,NSP-100-7.5,102,7.5,,x-position
NSP-150-spec.pdf,NSP-150-12,150,14,,ordered
NSP-150-spec.pdf,NSP-150-15,150,19,,ordered
NSP-150-spec.pdf,NSP-150-24,151.2,26,,ordered
NSP-150-spec.pdf,NSP-150-27,151.2,32,,ordered
NSP-150-spec.pdf,NSP-150-36,151.2,43,,ordered
NSP-150-spec.pdf,NSP-150-48,151.2,57,,ordered
NSP-150-spec.pdf,NSP-150-5,150,5.5,,ordered
NSP-150-spec.pdf,NSP-150-60,153,72,,ordered
NSP-150-spec.pdf,NSP-150-7.5,150,9,,ordered
NSP-1600-spec.pdf,NSP-1600-12,1500,12,,ordered
NSP-1600-spec.pdf,NSP-1600-24,1608,24,,ordered
NSP-1600-spec.pdf,NSP-1600-36,1602,36,,ordered
NSP-1600-spec.pdf,NSP-1600-48,1608,48,,ordered
NSP-200-spec.pdf,NSP-200-12,200.4,27,,ordered
NSP-200-spec.pdf,NSP-200-15,201,,,ordered
NSP-200-spec.pdf,NSP-200-24,201.6,,,ordered
NSP-200-spec.pdf,NSP-200-27,199.8,,,ordered
NSP-200-spec.pdf,NSP-200-36,201.6,,,ordered
NSP-200-spec.pdf,NSP-200-48,201.6,,,ordered
NSP-200-spec.pdf,NSP-200-5,200,12,,ordered
NSP-200-spec.pdf,NSP-200-60,201.6,,,ordered
NSP-200-spec.pdf,NSP-200-7.5,201,24,,ordered
NSP-320-spec.pdf,NSP-320-12,320.4,12,,ordered
NSP-320-spec.pdf,NSP-320-15,321,15,,ordered
NSP-320-spec.pdf,NSP-320-24,321.6,24,,ordered
NSP-320-spec.pdf,NSP-320-27,321.3,27,,ordered
NSP-320-spec.pdf,NSP-320-36,320.4,36,,ordered
NSP-320-spec.pdf,NSP-320-48,321.6,48,,ordered
NSP-320-spec.pdf,NSP-320-5,300,5,,ordered
NSP-320-spec.pdf,NSP-320-60,324,60,,ordered
NSP-320-spec.pdf,NSP-320-7.5,300,7.5,,ordered
NSP-3200-spec.pdf,NSP-3200-24,3192,24,,ordered
NSP-3200-spec.pdf,NSP-3200-48,3216,48,,ordered
NSP-500-spec.pdf,NSP-500-12,504,15,,ordered
NSP-500-spec.pdf,NSP-500-15,501,36,,ordered
NSP-500-spec.pdf,NSP-500-24,504,48,,ordered
NSP-500-spec.pdf,NSP-500-27,502.2,60,,ordered
NSP-500-spec.pdf,NSP-500-36,500.4,,,ordered
NSP-500-spec.pdf,NSP-500-48,504,,,ordered
NSP-500-spec.pdf,NSP-500-5,450,5,,ordered
NSP-500-spec.pdf,NSP-500-60,504,,,ordered
NSP-75-spec.pdf,NSP-75-12,75.6,12,,ordered
NSP-75-spec.pdf,NSP-75-15,75,15,,ordered
NSP-75-spec.pdf,NSP-75-24,76.8,24,,ordered
NSP-75-spec.pdf,NSP-75-27,75.6,27,,ordered
NSP-75-spec.pdf,NSP-75-36,75.6,36,,ordered
NSP-75-spec.pdf,NSP-75-48,76.8,48,,ordered
NSP-75-spec.pdf,NSP-75-5,75,5,,ordered
NSP-75-spec.pdf,NSP-75-60,78,60,,ordered
NSP-750-spec.pdf,NSP-750-12,750,12,,ordered
NSP-750-spec.pdf,NSP-750-15,750,15,,ordered
NSP-750-spec.pdf,NSP-750-24,751.2,24,,ordered
NSP-750-spec.pdf,NSP-750-27,750.6,27,,ordered
NSP-750-spec.pdf,NSP-750-36,752.4,36,,ordered
NSP-750-spec.pdf,NSP-750-48,753.6,48,,ordered
NSP-750-spec.pdf,NSP-750-5,500,5,,ordered
NSP-750-spec.pdf,NSP-750-60,756,60,,ordered
NTN-5K-spec.pdf,NTN-5K-224,5000,0.5,Blank|CAN,single-power-for-all
NTN-5K-spec.pdf,NTN-5K-2380,5000,5,Blank|CAN,single-power-for-all
NTN-5K-spec.pdf,NTN-5K-248,5000,1,Blank|CAN,single-power-for-all
NTS-1200-spec.pdf,NTS-1200-112,1200,3,,single-power-for-all
NTS-1200-spec.pdf,NTS-1200-124,1200,3,,single-power-for-all
NTS-1200-spec.pdf,NTS-1200-148,1200,3,,single-power-for-all
NTS-1200-spec.pdf,NTS-1200-212,1200,3,,single-power-for-all
NTS-1200-spec.pdf,NTS-1200-224,1200,3,,single-power-for-all
NTS-1200-spec.pdf,NTS-1200-248,1200,3,,single-power-for-all
NTS-1700-spec.pdf,NTS-1700-112,1500,3,,ordered-truncated
NTS-1700-spec.pdf,NTS-1700-124,1700,3,,ordered-truncated
NTS-2200-spec.pdf,NTS-2200-112,2200,3,,ordered-truncated
NTS-2200-spec.pdf,NTS-2200-124,2200,3,,ordered-truncated
NTS-250P-spec.pdf,NTS-250P-112,250,12,,single-power-for-all
NTS-250P-spec.pdf,NTS-250P-124,250,12,,single-power-for-all
NTS-250P-spec.pdf,NTS-250P-148,250,,,single-power-for-all
NTS-250P-spec.pdf,NTS-250P-212,250,,,single-power-for-all
NTS-250P-spec.pdf,NTS-250P-224,250,,,single-power-for-all
NTS-250P-spec.pdf,NTS-250P-248,250,,,single-power-for-all
NTS-300-spec.pdf,NTS-300-112,300,12,,single-power-for-all
NTS-300-spec.pdf,NTS-300-124,300,12,,single-power-for-all
NTS-300-spec.pdf,NTS-300-148,300,,,single-power-for-all
NTS-300-spec.pdf,NTS-300-212,300,,,single-power-for-all
NTS-300-spec.pdf,NTS-300-224,300,,,single-power-for-all
NTS-300-spec.pdf,NTS-300-248,300,,,single-power-for-all
NTS-3200-spec.pdf,NTS-3200-112,3000,3,,ordered-truncated
NTS-3200-spec.pdf,NTS-3200-124,3200,3,,ordered-truncated
NTS-400P-spec.pdf,NTS-400P-112,400,12,,single-power-for-all
NTS-400P-spec.pdf,NTS-400P-124,400,12,,single-power-for-all
NTS-400P-spec.pdf,NTS-400P-148,400,,,single-power-for-all
NTS-400P-spec.pdf,NTS-400P-212,400,,,single-power-for-all
NTS-400P-spec.pdf,NTS-400P-224,400,,,single-power-for-all
NTS-400P-spec.pdf,NTS-400P-248,400,,,single-power-for-all
NTS-450-spec.pdf,NTS-450-112,450,12,,single-power-for-all
NTS-450-spec.pdf,NTS-450-124,450,12,,single-power-for-all
NTS-450-spec.pdf,NTS-450-148,450,,,single-power-for-all
NTS-450-spec.pdf,NTS-450-212,450,,,single-power-for-all
NTS-450-spec.pdf,NTS-450-224,450,,,single-power-for-all
NTS-450-spec.pdf,NTS-450-248,450,,,single-power-for-all
NTS-750-spec.pdf,NTS-750-112,750,12,,single-power-for-all
NTS-750-spec.pdf,NTS-750-124,750,12,,single-power-for-all
NTS-750-spec.pdf,NTS-750-148,750,,,single-power-for-all
NTS-750-spec.pdf,NTS-750-212,750,,,single-power-for-all
NTS-750-spec.pdf,NTS-750-224,750,,,single-power-for-all
NTS-750-spec.pdf,NTS-750-248,750,,,single-power-for-all
NTU-1200-spec.pdf,NTU-1200-112,1200,,,single-power-for-all
NTU-1200-spec.pdf,NTU-1200-124,1200,,,single-power-for-all
NTU-1200-spec.pdf,NTU-1200-148,1200,,,single-power-for-all
NTU-1200-spec.pdf,NTU-1200-212,1200,,,single-power-for-all
NTU-1200-spec.pdf,NTU-1200-224,1200,,,single-power-for-all
NTU-1200-spec.pdf,NTU-1200-248,1200,,,single-power-for-all
NTU-1700-spec.pdf,NTU-1700-112,1500,,,ordered-truncated
NTU-1700-spec.pdf,NTU-1700-124,1700,,,ordered-truncated
NTU-2200-spec.pdf,NTU-2200-112,2200,,,ordered-truncated
NTU-2200-spec.pdf,NTU-2200-124,2200,,,ordered-truncated
NTU-3200-spec.pdf,NTU-3200-112,3000,,,ordered-truncated
NTU-3200-spec.pdf,NTU-3200-124,3200,,,ordered-truncated
OWA-120E-SPEC.pdf,OWA-120E-12,115.2,12,,ordered
OWA-120E-SPEC.pdf,OWA-120E-15,120,15,,ordered
OWA-120E-SPEC.pdf,OWA-120E-20,120,20,,ordered
OWA-120E-SPEC.pdf,OWA-120E-24,120,24,,ordered
OWA-120E-SPEC.pdf,OWA-120E-30,120,30,,ordered
OWA-120E-SPEC.pdf,OWA-120E-36,122.4,36,,ordered
OWA-120E-SPEC.pdf,OWA-120E-42,121.8,42,,ordered
OWA-120E-SPEC.pdf,OWA-120E-48,120,48,,ordered
OWA-120E-SPEC.pdf,OWA-120E-54,124.2,54,,ordered
OWA-120U-SPEC.pdf,OWA-120U-12,120,12,,ordered
OWA-120U-SPEC.pdf,OWA-120U-15,120,15,,ordered
OWA-120U-SPEC.pdf,OWA-120U-20,120,20,,ordered
OWA-120U-SPEC.pdf,OWA-120U-24,120,24,,ordered
OWA-120U-SPEC.pdf,OWA-120U-30,120,30,,ordered
OWA-120U-SPEC.pdf,OWA-120U-36,122.4,36,,ordered
OWA-120U-SPEC.pdf,OWA-120U-42,121.8,42,,ordered
OWA-120U-SPEC.pdf,OWA-120U-48,120,48,,ordered
OWA-120U-SPEC.pdf,OWA-120U-54,124.2,54,,ordered
OWA-200E-spec.pdf,OWA-200E-12,180,12,,ordered
OWA-200E-spec.pdf,OWA-200E-20,200,20,,ordered
OWA-200E-spec.pdf,OWA-200E-24,199,24,,ordered
OWA-200E-spec.pdf,OWA-200E-36,199,36,,ordered
OWA-200E-spec.pdf,OWA-200E-42,199,42,,ordered
OWA-200E-spec.pdf,OWA-200E-48,200,48,,ordered
OWA-200E-spec.pdf,OWA-200E-54,200,54,,ordered
OWA-200U-spec.pdf,OWA-200U-12,180,12,,ordered
OWA-200U-spec.pdf,OWA-200U-20,200,20,,ordered
OWA-200U-spec.pdf,OWA-200U-24,199,24,,ordered
OWA-200U-spec.pdf,OWA-200U-36,199,36,,ordered
OWA-200U-spec.pdf,OWA-200U-42,199,42,,ordered
OWA-200U-spec.pdf,OWA-200U-48,200,48,,ordered
OWA-200U-spec.pdf,OWA-200U-54,200,54,,ordered
OWA-60E-spec.pdf,OWA-60E-12,60,12,,ordered
OWA-60E-spec.pdf,OWA-60E-15,60,15,,ordered
OWA-60E-spec.pdf,OWA-60E-20,60,20,,ordered
OWA-60E-spec.pdf,OWA-60E-24,60,24,,ordered
OWA-60E-spec.pdf,OWA-60E-30,60,30,,ordered
OWA-60E-spec.pdf,OWA-60E-36,60.12,36,,ordered
OWA-60E-spec.pdf,OWA-60E-42,63,42,,ordered
OWA-60E-spec.pdf,OWA-60E-48,60,48,,ordered
OWA-60E-spec.pdf,OWA-60E-54,60.48,54,,ordered
OWA-60U-SPEC.pdf,OWA-60U-12,60,12,,ordered
OWA-60U-SPEC.pdf,OWA-60U-15,60,15,,ordered
OWA-60U-SPEC.pdf,OWA-60U-20,60,20,,ordered
OWA-60U-SPEC.pdf,OWA-60U-24,60,24,,ordered
OWA-60U-SPEC.pdf,OWA-60U-30,60,30,,ordered
OWA-60U-SPEC.pdf,OWA-60U-36,60.12,36,,ordered
OWA-60U-SPEC.pdf,OWA-60U-42,63,42,,ordered
OWA-60U-SPEC.pdf,OWA-60U-48,60,48,,ordered
OWA-60U-SPEC.pdf,OWA-60U-54,60.48,54,,ordered
OWA-90E-spec.pdf,OWA-90E-12,90,12,,ordered
OWA-90E-spec.pdf,OWA-90E-15,90,15,,ordered
OWA-90E-spec.pdf,OWA-90E-20,90,20,,ordered
OWA-90E-spec.pdf,OWA-90E-24,90,24,,ordered
OWA-90E-spec.pdf,OWA-90E-30,90,30,,ordered
OWA-90E-spec.pdf,OWA-90E-36,90,36,,ordered
OWA-90E-spec.pdf,OWA-90E-42,90.3,42,,ordered
OWA-90E-spec.pdf,OWA-90E-48,90.24,48,,ordered
OWA-90E-spec.pdf,OWA-90E-54,90.18,54,,ordered
OWA-90U-SPEC.pdf,OWA-90U-12,90,12,,ordered
OWA-90U-SPEC.pdf,OWA-90U-15,90,15,,ordered
OWA-90U-SPEC.pdf,OWA-90U-20,90,20,,ordered
OWA-90U-SPEC.pdf,OWA-90U-24,90,24,,ordered
OWA-90U-SPEC.pdf,OWA-90U-30,90,30,,ordered
OWA-90U-SPEC.pdf,OWA-90U-36,90,36,,ordered
OWA-90U-SPEC.pdf,OWA-90U-42,90.3,42,,ordered
OWA-90U-SPEC.pdf,OWA-90U-48,90.24,48,,ordered
OWA-90U-SPEC.pdf,OWA-90U-54,90.18,54,,ordered
PCD-16-SPEC.PDF,PCD-16-1050,16.8,16,,ordered
PCD-16-SPEC.PDF,PCD-16-1400,16.8,12,,ordered
PCD-16-SPEC.PDF,PCD-16-350,16.8,48,,ordered
PCD-16-SPEC.PDF,PCD-16-700,16.8,24,,ordered
PCD-25-SPEC.PDF,PCD-25-1050,25.2,24,,ordered
PCD-25-SPEC.PDF,PCD-25-1400,25.2,18,,ordered
PCD-25-SPEC.PDF,PCD-25-350,20.3,58,,ordered
PCD-25-SPEC.PDF,PCD-25-700,25.2,36,,ordered
PCD-40-SPEC.PDF,PCD-40-1050B,37.8,,,single-power-for-all
PCD-40-SPEC.PDF,PCD-40-1400B,37.8,,,single-power-for-all
PCD-40-SPEC.PDF,PCD-40-1750B,37.8,,,single-power-for-all
PCD-40-SPEC.PDF,PCD-40-1750B-1050MA,37.8,,,single-power-for-all
PCD-40-SPEC.PDF,PCD-40-350B,37.8,80,,single-power-for-all
PCD-40-SPEC.PDF,PCD-40-500B,37.8,,,single-power-for-all
PCD-40-SPEC.PDF,PCD-40-700B,37.8,,,single-power-for-all
PCD-60-SPEC.PDF,PCD-60-1050B,59.85,57,,ordered
PCD-60-SPEC.PDF,PCD-60-1400B,60.2,43,,ordered
PCD-60-SPEC.PDF,PCD-60-1750B,59.5,34,,ordered
PCD-60-SPEC.PDF,PCD-60-2000B,60,30,,ordered
PCD-60-SPEC.PDF,PCD-60-2400B,60,25,,ordered
PCD-60-SPEC.PDF,PCD-60-500B,54,108,,ordered
PCD-60-SPEC.PDF,PCD-60-700B,60.2,86,,ordered
PD-25-SPEC.PDF,PD-2505,25,5,,ordered
PD-25-SPEC.PDF,PD-2512,24,24,,ordered
PD-25-SPEC.PDF,PD-2515,24,5,,ordered
PD-25-SPEC.PDF,PD-25A,24.9,5,,ordered
PD-25-SPEC.PDF,PD-25B,25.2,12,,ordered
PD-45-SPEC.PDF,PD-45A,40,5,,ordered
PD-45-SPEC.PDF,PD-45B,44.8,12,,ordered
PD-65-SPEC.PDF,PD-65A,61.1,5,,ordered
PD-65-SPEC.PDF,PD-65B,65.5,12,,ordered
PHP-3500-HV-spec.pdf,PHP-3500-115,3500,115,Blank|CAN,ordered-truncated
PHP-3500-HV-spec.pdf,PHP-3500-230,3500,217,Blank|CAN,ordered-truncated
PHP-3500-spec.pdf,PHP-3500-24,3500,24,Blank|CAN,single-power-for-all
PHP-3500-spec.pdf,PHP-3500-48,3500,48,Blank|CAN,single-power-for-all
PHP-3500-HV-spec.pdf,PHP-3500-HV,3500,133,Blank|CAN,ordered-truncated
PID-250-SPEC.PDF,PID-250A,205,12,,ordered
PID-250-SPEC.PDF,PID-250B,250.6,5,,ordered
PID-250-SPEC.PDF,PID-250C,251.8,24,,ordered
PID-250-SPEC.PDF,PID-250D,250.6,5,,ordered
PLC-100-SPEC.PDF,PLC-100-12,60,12,,ordered
PLC-100-SPEC.PDF,PLC-100-15,75,15,,ordered
PLC-100-SPEC.PDF,PLC-100-20,96,20,,ordered
PLC-100-SPEC.PDF,PLC-100-24,96,24,,ordered
PLC-100-SPEC.PDF,PLC-100-27,95.85,27,,ordered
PLC-100-SPEC.PDF,PLC-100-36,95.4,36,,ordered
PLC-100-SPEC.PDF,PLC-100-48,96,48,,ordered
PLC-30-SPEC.PDF,PLC-30-12,30,12,,ordered
PLC-30-SPEC.PDF,PLC-30-15,30,15,,ordered
PLC-30-SPEC.PDF,PLC-30-20,30,20,,ordered
PLC-30-SPEC.PDF,PLC-30-24,30,24,,ordered
PLC-30-SPEC.PDF,PLC-30-27,30.24,27,,ordered
PLC-30-SPEC.PDF,PLC-30-36,30.24,36,,ordered
PLC-30-SPEC.PDF,PLC-30-48,30.24,48,,ordered
PLC-30-SPEC.PDF,PLC-30-9,29.7,9,,ordered
PLC-45-SPEC.PDF,PLC-45-12,45.6,12,,ordered
PLC-45-SPEC.PDF,PLC-45-15,45,15,,ordered
PLC-45-SPEC.PDF,PLC-45-20,46,20,,ordered
PLC-45-SPEC.PDF,PLC-45-24,45.6,24,,ordered
PLC-45-SPEC.PDF,PLC-45-27,45.9,27,,ordered
PLC-45-SPEC.PDF,PLC-45-36,45,36,,ordered
PLC-45-SPEC.PDF,PLC-45-48,45.6,48,,ordered
PLC-60-SPEC.PDF,PLC-60-12,60,12,,ordered
PLC-60-SPEC.PDF,PLC-60-15,60,15,,ordered
PLC-60-SPEC.PDF,PLC-60-20,60,20,,ordered
PLC-60-SPEC.PDF,PLC-60-24,60,24,,ordered
PLC-60-SPEC.PDF,PLC-60-27,62.1,27,,ordered
PLC-60-SPEC.PDF,PLC-60-36,61.2,36,,ordered
PLC-60-SPEC.PDF,PLC-60-48,62.4,48,,ordered
PLD-25-SPEC.PDF,PLD-25-1050,25.2,24,,ordered
PLD-25-SPEC.PDF,PLD-25-1400,25.2,18,,ordered
PLD-25-SPEC.PDF,PLD-25-350,20.3,58,,ordered
PLD-25-SPEC.PDF,PLD-25-700,25.2,36,,ordered
PLD-40-SPEC.PDF,PLD-40-1050B,37.8,,,single-power-for-all
PLD-40-SPEC.PDF,PLD-40-1400B,37.8,,,single-power-for-all
PLD-40-SPEC.PDF,PLD-40-1750B,37.8,,,single-power-for-all
PLD-40-SPEC.PDF,PLD-40-1750B-1050MA,37.8,,,single-power-for-all
PLD-40-SPEC.PDF,PLD-40-350B,37.8,80,,single-power-for-all
PLD-40-SPEC.PDF,PLD-40-500B,37.8,,,single-power-for-all
PLD-40-SPEC.PDF,PLD-40-700B,37.8,,,single-power-for-all
PLD-60-SPEC.PDF,PLD-60-1050B,59.85,57,,ordered
PLD-60-SPEC.PDF,PLD-60-1400B,60.2,43,,ordered
PLD-60-SPEC.PDF,PLD-60-1750B,59.5,34,,ordered
PLD-60-SPEC.PDF,PLD-60-2000B,60,30,,ordered
PLD-60-SPEC.PDF,PLD-60-2400B,60,25,,ordered
PLD-60-SPEC.PDF,PLD-60-500B,54,108,,ordered
PLD-60-SPEC.PDF,PLD-60-700B,60.2,86,,ordered
PLM-12-SPEC.PDF,PLM-12-1050,12.6,,,ordered
PLM-12-SPEC.PDF,PLM-12-350,12.6,24,,ordered
PLM-12-SPEC.PDF,PLM-12-500,12,18,,ordered
PLM-12-SPEC.PDF,PLM-12-700,12.6,,,ordered
PLM-25-SPEC.PDF,PLM-25-350,25.2,72,,ordered-truncated
PLM-25-SPEC.PDF,PLM-25-500,25.2,36,,ordered-truncated
PLN-100-SPEC.PDF,PLN-100-12,60,12,,ordered
PLN-100-SPEC.PDF,PLN-100-15,75,15,,ordered
PLN-100-SPEC.PDF,PLN-100-20,96,20,,ordered
PLN-100-SPEC.PDF,PLN-100-24,96,24,,ordered
PLN-100-SPEC.PDF,PLN-100-27,95.85,27,,ordered
PLN-100-SPEC.PDF,PLN-100-36,95.4,36,,ordered
PLN-100-SPEC.PDF,PLN-100-48,96,48,,ordered
PLN-20-SPEC.PDF,PLN-20-18,19.8,18,,single-power-for-all
PLN-20-SPEC.PDF,PLN-20-36,19.8,36,,single-power-for-all
PLN-30-SPEC.PDF,PLN-30-12,30,12,,ordered
PLN-30-SPEC.PDF,PLN-30-15,30,15,,ordered
PLN-30-SPEC.PDF,PLN-30-20,30,20,,ordered
PLN-30-SPEC.PDF,PLN-30-24,30,24,,ordered
PLN-30-SPEC.PDF,PLN-30-27,30.24,27,,ordered
PLN-30-SPEC.PDF,PLN-30-36,30.24,36,,ordered
PLN-30-SPEC.PDF,PLN-30-48,30.24,48,,ordered
PLN-30-SPEC.PDF,PLN-30-9,29.7,9,,ordered
PLN-45-SPEC.PDF,PLN-45-15,45,15,,x-position
PLN-45-SPEC.PDF,PLN-45-20,46,20,,x-position
PLN-45-SPEC.PDF,PLN-45-24,45.6,24,,x-position
PLN-45-SPEC.PDF,PLN-45-27,45.9,27,,x-position
PLN-45-SPEC.PDF,PLN-45-36,45,36,,x-position
PLN-45-SPEC.PDF,PLN-45-48,45.6,48,,x-position
PLN-60-SPEC.PDF,PLN-60-12,60,12,,ordered
PLN-60-SPEC.PDF,PLN-60-15,60,15,,ordered
PLN-60-SPEC.PDF,PLN-60-20,60,20,,ordered
PLN-60-SPEC.PDF,PLN-60-24,60,24,,ordered
PLN-60-SPEC.PDF,PLN-60-27,62.1,27,,ordered
PLN-60-SPEC.PDF,PLN-60-36,61.2,36,,ordered
PLN-60-SPEC.PDF,PLN-60-48,62.4,48,,ordered
PLP-30-SPEC.PDF,PLP-30-12,30,12,,ordered
PLP-30-SPEC.PDF,PLP-30-24,31.2,24,,ordered
PLP-30-SPEC.PDF,PLP-30-48,30.24,48,,ordered
PLP-60-SPEC.PDF,PLP-60-12,60,12,,ordered
PLP-60-SPEC.PDF,PLP-60-12-360MM,60,24,,ordered
PLP-60-SPEC.PDF,PLP-60-SPEC,62.4,48,,ordered
PPT-125-SPEC.PDF,PPT-125A,79,3.3,,ordered
PPT-125-SPEC.PDF,PPT-125B,99.5,5,,ordered
PPT-125-SPEC.PDF,PPT-125C,100,12,,ordered
PPT-125-SPEC.PDF,PPT-125D,101,5,,ordered
PSC-100-SPEC.PDF,PSC-100A,100.05,27.6,,ordered
PSC-100-SPEC.PDF,PSC-100B,100.74,27.6,,ordered
PSC-160-SPEC.PDF,PSC-160A,160,13.8,,ordered
PSC-160-SPEC.PDF,PSC-160B,160,27.6,,ordered
PSC-35-SPEC.PDF,PSC-35A,35.88,13.8,,ordered
PSC-35-SPEC.PDF,PSC-35B,35.88,27.6,,ordered
PSC-60-SPEC.PDF,PSC-60A,59.34,13.8,,ordered
PSC-60-SPEC.PDF,PSC-60B,59.34,27.6,,ordered
PSD-15-SPEC.PDF,PSD-15A-05,15,,,single-power-for-all
PSD-15-SPEC.PDF,PSD-15A-12,15,,,single-power-for-all
PSD-15-SPEC.PDF,PSD-15A-24,15,,,single-power-for-all
PSD-15-SPEC.PDF,PSD-15B-05,15,,,single-power-for-all
PSD-15-SPEC.PDF,PSD-15B-12,15,32.4,,single-power-for-all
PSD-15-SPEC.PDF,PSD-15B-24,15,,,single-power-for-all
PSD-15-SPEC.PDF,PSD-15C-12,15,6.75,,single-power-for-all
PSD-15-SPEC.PDF,PSD-15C-24,15,,,single-power-for-all
PSD-30-SPEC.PDF,PSD-30A-5,25,5,,ordered-truncated
PSD-30-SPEC.PDF,PSD-30B-5,30,12,,ordered-truncated
PSD-30-SPEC.PDF,PSD-30C-5,30,24,,ordered-truncated
PSD-45-SPEC.PDF,PSD-45A-05,45,12,,ordered-truncated
PSD-45-SPEC.PDF,PSD-45B-05,45,12,,ordered-truncated
PSD-45-SPEC.PDF,PSD-45B-12,30,12,,ordered-truncated
PSP-600-SPEC.pdf,PSP-600-12,600,12,,ordered
PSP-600-SPEC.pdf,PSP-600-13.5,600.75,13.5,,ordered
PSP-600-SPEC.pdf,PSP-600-15,600,15,,ordered
PSP-600-SPEC.pdf,PSP-600-24,600,24,,ordered
PSP-600-SPEC.pdf,PSP-600-27,599.4,27,,ordered
PSP-600-SPEC.pdf,PSP-600-48,600,48,,ordered
PSP-600-SPEC.pdf,PSP-600-5,400,5,,ordered
PSPA-1000-spec.pdf,PSPA-1000-12,960,12,,ordered
PSPA-1000-spec.pdf,PSPA-1000-15,960,15,,ordered
PSPA-1000-spec.pdf,PSPA-1000-24,1008,24,,ordered
PSPA-1000-spec.pdf,PSPA-1000-48,1008,48,,ordered
PT-45-SPEC.PDF,PT-45A,40.5,5,,ordered
PT-45-SPEC.PDF,PT-45B,42.6,12,,ordered
PT-45-SPEC.PDF,PT-45C,43.5,5,,ordered
PT-6503-SPEC.PDF,PT-6503,61.8,3.3,,single-model-first-power
PT-65-SPEC.PDF,PT-65A,60,5,,ordered
PT-65-SPEC.PDF,PT-65B,63.5,12,,ordered
PT-65-SPEC.PDF,PT-65C,65,5,,ordered
PT-65-SPEC.PDF,PT-65D,68,5,,ordered
PV-SMI-1000-SPEC.pdf,PV-SMI-1000,1000,,,ordered
PV-SMI-2000-SPEC.pdf,PV-SMI-2000,2000,,,ordered
PWM-120-KN-spec.pdf,PWM-120-12,120,12,KNX|KN|KNBST,ordered
PWM-120-spec.pdf,PWM-120-12,120,12,Blank|DA|DA2,ordered
PWM-120(DA2)-SPEC.PDF,PWM-120-12,120,12,Blank|DA|DA2,ordered
PWM-120-KN-spec.pdf,PWM-120-24,120,24,KNX|KN|KNBST,ordered
PWM-120-spec.pdf,PWM-120-24,120,24,Blank|DA|DA2,ordered
PWM-120(DA2)-SPEC.PDF,PWM-120-24,120,24,Blank|DA|DA2,ordered
PWM-120-spec.pdf,PWM-120-36,122.4,36,Blank|DA|DA2,ordered
PWM-120(DA2)-SPEC.PDF,PWM-120-36,122.4,36,Blank|DA|DA2,ordered
PWM-120-spec.pdf,PWM-120-48,120,48,Blank|DA|DA2,ordered
PWM-120(DA2)-SPEC.PDF,PWM-120-48,120,48,Blank|DA|DA2,ordered
PWM-200-KN-spec.pdf,PWM-200-12,180,12,KNX|KN,ordered
PWM-200-spec.pdf,PWM-200-12,180,12,Blank|DA2,ordered
PWM-200(DA2)-SPEC.PDF,PWM-200-12,180,12,Blank|DA2,ordered
PWM-200-KN-spec.pdf,PWM-200-24,199.2,24,KNX|KN,ordered
PWM-200-spec.pdf,PWM-200-24,199.2,24,Blank|DA2,ordered
PWM-200(DA2)-SPEC.PDF,PWM-200-24,199.2,24,Blank|DA2,ordered
PWM-200-KN-spec.pdf,PWM-200-36,199.8,36,KNX|KN,ordered
PWM-200-spec.pdf,PWM-200-36,199.8,36,Blank|DA2,ordered
PWM-200(DA2)-SPEC.PDF,PWM-200-36,199.8,36,Blank|DA2,ordered
PWM-200-KN-spec.pdf,PWM-200-48,200.1,48,KNX|KN,ordered
PWM-200-spec.pdf,PWM-200-48,200.1,48,Blank|DA2,ordered
PWM-200(DA2)-SPEC.PDF,PWM-200-48,200.1,48,Blank|DA2,ordered
PWM-40-SPEC.PDF,PWM-40-12,40.08,12,,ordered
PWM-40-SPEC.PDF,PWM-40-24,40.08,24,,ordered
PWM-40-SPEC.PDF,PWM-40-36,40.32,36,,ordered
PWM-40-SPEC.PDF,PWM-40-48,40.32,48,,ordered
PWM-60-KN-spec.pdf,PWM-60-12,60,12,KNX|KN|KNBST,single-power-for-all
PWM-60-spec.pdf,PWM-60-12,60,12,Blank|DA|DA2,ordered
PWM-60(DA2)-SPEC.PDF,PWM-60-12,60,12,Blank|DA|DA2,ordered
PWM-60-KN-spec.pdf,PWM-60-24,60,24,KNX|KN|KNBST,single-power-for-all
PWM-60-spec.pdf,PWM-60-24,60,24,Blank|DA|DA2,ordered
PWM-60(DA2)-SPEC.PDF,PWM-60-24,60,24,Blank|DA|DA2,ordered
PWM-60-spec.pdf,PWM-60-36,60.12,36,Blank|DA|DA2,ordered
PWM-60(DA2)-SPEC.PDF,PWM-60-36,60.12,36,Blank|DA|DA2,ordered
PWM-60-spec.pdf,PWM-60-48,60,48,Blank|DA|DA2,ordered
PWM-60(DA2)-SPEC.PDF,PWM-60-48,60,48,Blank|DA|DA2,ordered
PWM-90-spec.pdf,PWM-90-12,90,12,Blank|DA|DA2,ordered
PWM-90(DA2)-SPEC.PDF,PWM-90-12,90,12,Blank|DA|DA2,ordered
PWM-90-spec.pdf,PWM-90-24,90,24,Blank|DA|DA2,ordered
PWM-90(DA2)-SPEC.PDF,PWM-90-24,90,24,Blank|DA|DA2,ordered
PWM-90-spec.pdf,PWM-90-36,90,36,Blank|DA|DA2,ordered
PWM-90(DA2)-SPEC.PDF,PWM-90-36,90,36,Blank|DA|DA2,ordered
PWM-90-spec.pdf,PWM-90-48,90.24,48,Blank|DA|DA2,ordered
PWM-90(DA2)-SPEC.PDF,PWM-90-48,90.24,48,Blank|DA|DA2,ordered
QP-150-SPEC.pdf,QP-150-3A,146,5,,ordered
QP-150-SPEC.pdf,QP-150-3B,150.2,5,,ordered
QP-150-SPEC.pdf,QP-150-3C,152,5,,ordered
QP-320-SPEC.pdf,QP-320D,316,5,,single-power-for-all
QP-320-SPEC.pdf,QP-320F,316,5,,single-power-for-all
RCB-1600-SPEC.pdf,RCB-1600-12,1440,14.4,Blank|CAN,ordered
RCB-1600-SPEC.pdf,RCB-1600-24,1584,28.8,Blank|CAN,ordered
RCB-1600-SPEC.pdf,RCB-1600-48,1584,57.6,Blank|CAN,ordered
RCP-1000.pdf,RCP-1000-12,720,12,,ordered
RCP-1U-SPEC.PDF,RCP-1000-12,3024,48,,ordered-truncated
RCP-1U%20RACK%20SYSTEM-spec.pdf,RCP-1000-12,3024,48,,ordered-truncated
RCP-1000.pdf,RCP-1000-24,960,24,,ordered
RCP-1000.pdf,RCP-1000-48,1008,48,,ordered
RCP-1600.pdf,RCP-1600-12,1500,12,Blank|CAN,ordered
RCP-1600.pdf,RCP-1600-24,1608,24,Blank|CAN,ordered
RCP-1600.pdf,RCP-1600-48,1608,48,Blank|CAN,ordered
RCP-1U-SPEC.PDF,RCP-1U,2160,12,,ordered-truncated
RCP-1U%20RACK%20SYSTEM-spec.pdf,RCP-1U,2160,12,,ordered-truncated
RCP-2000.pdf,RCP-2000-12,1200,12,,ordered
RCP-2000.pdf,RCP-2000-24,1920,24,,ordered
RCP-2000.pdf,RCP-2000-48,2016,48,,ordered
RCP-1U-SPEC.PDF,RCP-3K1U,2880,24,,ordered-truncated
RCP-1U%20RACK%20SYSTEM-spec.pdf,RCP-3K1U,2880,24,,ordered-truncated
RD-125.pdf,RD-125-1224,133.2,12,,ordered
RD-125.pdf,RD-125-1248,138,12,,ordered
RD-125.pdf,RD-125-2448,144,24,,ordered
RD-35.pdf,RD-3513,35.1,13.5,,ordered
RD-35.pdf,RD-35A,32,5,,ordered
RD-35.pdf,RD-35B,35,5,,ordered
RD-50.pdf,RD-50A,54,5,,ordered
RD-50.pdf,RD-50B,53.6,5,,ordered
RD-65.pdf,RD-65A,66,5,,ordered
RD-65.pdf,RD-65B,68,5,,ordered
RD-85.pdf,RD-85A,88,5,,ordered
RD-85.pdf,RD-85B,88,5,,ordered
RDDW08-SPEC.PDF,RDDW08,8,3.3,,ordered
RDDW10-SPEC.PDF,RDDW10,10,3.3,,ordered
RDDW20-SPEC.PDF,RDDW20,20,3.3,,ordered
RDDW20UW-SPEC.PDF,RDDW20UW,20,12,,ordered
RDDW40-SPEC.PDF,RDDW40,40,3.3,,ordered
RDDW60-SPEC.PDF,RDDW60,60,3.3,,ordered
RHP-1U-SPEC.PDF,RHP-1U,7500,12,Blank|CAN,ordered-truncated
RHP-1U%20RACK%20SYSTEM-spec.pdf,RHP-1U,7500,12,Blank|CAN,ordered-truncated
RHP-1U-SPEC.PDF,RHP-8K1U,8040,24,Blank|CAN,ordered-truncated
RHP-1U%20RACK%20SYSTEM-spec.pdf,RHP-8K1U,8040,24,Blank|CAN,ordered-truncated
RHP-1U-SPEC.PDF,RHP-8K1U-RCP-1600-12,8040,48,Blank|CAN,ordered-truncated
RHP-1U%20RACK%20SYSTEM-spec.pdf,RHP-8K1U-RCP-1600-12,8040,48,Blank|CAN,ordered-truncated
RID-125-SPEC.pdf,RID-125-1224,133.2,12,,ordered
RID-125-SPEC.pdf,RID-125-1248,138,12,,ordered
RID-125-SPEC.pdf,RID-125-2448,144,24,,ordered
RID-50-spec.pdf,RID-50A,54,5,,ordered
RID-50-spec.pdf,RID-50B,53.6,5,,ordered
RID-65-SPEC.pdf,RID-65A,66,5,,ordered
RID-65-SPEC.pdf,RID-65B,68,5,,ordered
RID-85-SPEC.pdf,RID-85A,88,5,,ordered
RID-85-SPEC.pdf,RID-85B,88,5,,ordered
RKP-1U-SPEC.PDF,RKP-1U,3600,12,,ordered-truncated
RKP-1U%20RACK%20SYSTEM-spec.pdf,RKP-1U,3600,12,,ordered-truncated
RKP-1U-SPEC.PDF,RKP-6K1U,5760,24,,ordered-truncated
RKP-1U%20RACK%20SYSTEM-spec.pdf,RKP-6K1U,5760,24,,ordered-truncated
RKP-1U-SPEC.PDF,RKP-6K1U-RCP-2000-12,6048,48,,ordered-truncated
RKP-1U%20RACK%20SYSTEM-spec.pdf,RKP-6K1U-RCP-2000-12,6048,48,,ordered-truncated
RPB-1600-SPEC.pdf,RPB-1600-12,1600,14.4,Blank|CAN,single-power-for-all
RPB-1600-SPEC.pdf,RPB-1600-24,1600,28.8,Blank|CAN,single-power-for-all
RPB-1600-SPEC.pdf,RPB-1600-48,1600,57.6,Blank|CAN,single-power-for-all
RPD-60-SPEC.pdf,RPD-60A,49,5,,ordered
RPD-60-SPEC.pdf,RPD-60B,53.5,5,,ordered
RPD-65-SPEC.PDF,RPD-65C,60,12,,ordered
RPD-65-SPEC.PDF,RPD-65D,60,5,,ordered
RPD-75-SPEC.pdf,RPD-75A,71,5,,ordered
RPD-75-SPEC.pdf,RPD-75B,73,5,,ordered
RPS-120-SPEC.pdf,RPS-120-12,120,12,,ordered
RPS-120-SPEC.pdf,RPS-120-15,120,15,,ordered
RPS-120-SPEC.pdf,RPS-120-24,120,24,,ordered
RPS-120-SPEC.pdf,RPS-120-27,121.5,27,,ordered
RPS-120-SPEC.pdf,RPS-120-48,120,48,,ordered
RPS-120S-spec.pdf,RPS-120S-12,141.6,12,,ordered-truncated
RPS-120S-spec.pdf,RPS-120S-15,142.5,15,,ordered-truncated
RPS-120S-spec.pdf,RPS-120S-24,150,24,,ordered-truncated
RPS-120S-spec.pdf,RPS-120S-27,149.8,27,,ordered-truncated
RPS-120S-spec.pdf,RPS-120S-48,150,48,,ordered-truncated
RPS-160-SPEC.PDF,RPS-160,103,5,,single-model-first-power
RPS-200-SPEC.pdf,RPS-200-12,200.4,12,,ordered
RPS-200-SPEC.pdf,RPS-200-15,201,15,,ordered
RPS-200-SPEC.pdf,RPS-200-24,201.6,24,,ordered
RPS-200-SPEC.pdf,RPS-200-27,202.5,27,,ordered
RPS-200-SPEC.pdf,RPS-200-48,201.6,48,,ordered
RPS-30-SPEC.pdf,RPS-30-12,30,12,,ordered
RPS-30-SPEC.pdf,RPS-30-15,30,15,,ordered
RPS-30-SPEC.pdf,RPS-30-24,30,24,,ordered
RPS-30-SPEC.pdf,RPS-30-3.3,19.8,3.3,,ordered
RPS-30-SPEC.pdf,RPS-30-48,30,48,,ordered
RPS-30-SPEC.pdf,RPS-30-5,30,5,,ordered
RPS-30-SPEC.pdf,RPS-30-7.5,30,7.5,,ordered
RPS-300-C-SPEC.PDF,RPS-300-12,300,15,,single-power-for-all
RPS-300-spec (1).pdf,RPS-300-12,300,15,,single-power-for-all
RPS-300-SPEC.pdf,RPS-300-12,300,15,,single-power-for-all
RPS-300-C-SPEC.PDF,RPS-300-15,300,18.5,,single-power-for-all
RPS-300-spec (1).pdf,RPS-300-15,300,18.5,,single-power-for-all
RPS-300-SPEC.pdf,RPS-300-15,300,18.5,,single-power-for-all
RPS-300-C-SPEC.PDF,RPS-300-24,300,30,,single-power-for-all
RPS-300-spec (1).pdf,RPS-300-24,300,30,,single-power-for-all
RPS-300-SPEC.pdf,RPS-300-24,300,30,,single-power-for-all
RPS-300-C-SPEC.PDF,RPS-300-27,300,33.5,,single-power-for-all
RPS-300-spec (1).pdf,RPS-300-27,300,33.5,,single-power-for-all
RPS-300-SPEC.pdf,RPS-300-27,300,33.5,,single-power-for-all
RPS-300-C-SPEC.PDF,RPS-300-48,300,59.5,,single-power-for-all
RPS-300-spec (1).pdf,RPS-300-48,300,59.5,,single-power-for-all
RPS-300-SPEC.pdf,RPS-300-48,300,59.5,,single-power-for-all
RPS-400-SPEC.pdf,RPS-400-12,400.5,15,,ordered-truncated
RPS-400-SPEC.pdf,RPS-400-15,401.4,18,,ordered-truncated
RPS-400-SPEC.pdf,RPS-400-18,403.2,36,,ordered-truncated
RPS-400-SPEC.pdf,RPS-400-24,403.2,48,,ordered-truncated
RPS-400-SPEC.pdf,RPS-400-27,400.8,24,,ordered-truncated
RPS-400-SPEC.pdf,RPS-400-36,402.3,27,,ordered-truncated
RPS-45-SPEC.pdf,RPS-45-12,45.6,12,,ordered
RPS-45-SPEC.pdf,RPS-45-15,45,15,,ordered
RPS-45-SPEC.pdf,RPS-45-24,45.6,24,,ordered
RPS-45-SPEC.pdf,RPS-45-3.3,26.4,3.3,,ordered
RPS-45-SPEC.pdf,RPS-45-48,45.1,48,,ordered
RPS-45-SPEC.pdf,RPS-45-5,40,5,,ordered
RPS-45-SPEC.pdf,RPS-45-7.5,40.5,7.5,,ordered
RPS-500-spec.pdf,RPS-500-12,309.6,15,,ordered
RPS-500-spec.pdf,RPS-500-15,310.5,18,,ordered
RPS-500-spec.pdf,RPS-500-18,310.5,36,,ordered
RPS-500-spec.pdf,RPS-500-24,309.6,48,,ordered
RPS-500-spec.pdf,RPS-500-27,309.6,24,,ordered
RPS-500-spec.pdf,RPS-500-36,309.6,27,,ordered
RPS-500-spec.pdf,RPS-500-48,312,,,ordered
RPS-60-SPEC.pdf,RPS-60-12,60,12,,ordered
RPS-60-SPEC.pdf,RPS-60-15,60,15,,ordered
RPS-60-SPEC.pdf,RPS-60-24,60,24,,ordered
RPS-60-SPEC.pdf,RPS-60-3.3,33,3.3,,ordered
RPS-60-SPEC.pdf,RPS-60-48,60,48,,ordered
RPS-60-SPEC.pdf,RPS-60-5,50,5,,ordered
RPS-65-SPEC.pdf,RPS-65-12,65,12,,ordered
RPS-65-SPEC.pdf,RPS-65-15,65.1,15,,ordered
RPS-65-SPEC.pdf,RPS-65-24,65,24,,ordered
RPS-65-SPEC.pdf,RPS-65-3.3,33,3.3,,ordered
RPS-65-SPEC.pdf,RPS-65-48,65.3,48,,ordered
RPS-65-SPEC.pdf,RPS-65-5,50,5,,ordered
RPS-65-SPEC.pdf,RPS-65-7.5,60,7.5,,ordered
RPS-75-SPEC.pdf,RPS-75-12,75.6,12,,ordered
RPS-75-SPEC.pdf,RPS-75-15,75,15,,ordered
RPS-75-SPEC.pdf,RPS-75-24,76.8,24,,ordered
RPS-75-SPEC.pdf,RPS-75-3.3,49.5,3.3,,ordered
RPS-75-SPEC.pdf,RPS-75-36,75.6,36,,ordered
RPS-75-SPEC.pdf,RPS-75-48,76.8,48,,ordered
RPS-75-SPEC.pdf,RPS-75-5,70,5,,ordered
"RPS,RPSG-160-spec.pdf","RPS,RPSG-160",103,5,,single-model-first-power
RPT-60-SPEC.pdf,RPT-60A,46.5,5,,ordered
RPT-60-SPEC.pdf,RPT-60B,50,5,,ordered
RPT-60-SPEC.pdf,RPT-60C,50,5,,ordered
RPT-65-SPEC.PDF,RPT-65E,62.5,12,,ordered
RPT-65-SPEC.PDF,RPT-65F,66,5,,ordered
RPT-65-SPEC.PDF,RPT-65G,66,5,,ordered
RPT-75-SPEC.pdf,RPT-75A,68.5,5,,ordered
RPT-75-SPEC.pdf,RPT-75B,72,5,,ordered
RPT-75-SPEC.pdf,RPT-75C,72,5,,ordered
RPT-160-spec.pdf,RPT(G)-160A,145,5,,ordered
RPT-160-spec.pdf,RPT(G)-160B,146,5,,ordered
RPT-160-spec.pdf,RPT(G)-160C,143,5,,ordered
RPT-160-spec.pdf,RPT(G)-160D,147.8,5,,ordered
RQ-125-SPEC (1).pdf,RQ-125B,120,5,,ordered
RQ-125-SPEC.pdf,RQ-125B,120,5,,ordered
RQ-125-SPEC (1).pdf,RQ-125C,122.5,5,,ordered
RQ-125-SPEC.pdf,RQ-125C,122.5,5,,ordered
RQ-125-SPEC (1).pdf,RQ-125D,124,5,,ordered
RQ-125-SPEC.pdf,RQ-125D,124,5,,ordered
RQ-50-spec.pdf,RQ-50B,45.5,5,,ordered
RQ-50-spec.pdf,RQ-50C,50,5,,ordered
RQ-50-spec.pdf,RQ-50D,53.4,5,,ordered
RQ-65-SPEC.pdf,RQ-65B,62.5,5,,ordered
RQ-65-SPEC.pdf,RQ-65C,65,5,,ordered
RQ-65-SPEC.pdf,RQ-65D,68,5,,ordered
RQ-85-SPEC.pdf,RQ-85B,80.7,5,,ordered
RQ-85-SPEC.pdf,RQ-85C,82.5,5,,ordered
RQ-85-SPEC.pdf,RQ-85D,84,5,,ordered
RQB150W12-spec.pdf,RQB150W12,150,24,,ordered
RQB150W3-spec.pdf,RQB150W3,150,59,,ordered
RQB40W12-spec.pdf,RQB40W12,40,24,,ordered
RQB60W12-spec.pdf,RQB60W12,60,24,,ordered
RS-100.pdf,RS-100-12,102,12,,ordered
RS-100.pdf,RS-100-15,105,15,,ordered
RS-100.pdf,RS-100-24,108,24,,ordered
RS-100.pdf,RS-100-3.3,66,3.3,,ordered
RS-100.pdf,RS-100-48,110.4,48,,ordered
RS-100.pdf,RS-100-5,80,5,,ordered
RS-15-SPEC.pdf,RS-15-12,15.6,12,,ordered
RS-15.pdf,RS-15-12,15.6,12,,ordered
RS-15-SPEC.pdf,RS-15-15,15,15,,ordered
RS-15.pdf,RS-15-15,15,15,,ordered
RS-15-SPEC.pdf,RS-15-24,15,24,,ordered
RS-15.pdf,RS-15-24,15,24,,ordered
RS-15-SPEC.pdf,RS-15-3.3,9.9,3.3,,ordered
RS-15.pdf,RS-15-3.3,9.9,3.3,,ordered
RS-15-SPEC.pdf,RS-15-48,15.024,48,,ordered
RS-15.pdf,RS-15-48,15.024,48,,ordered
RS-15-SPEC.pdf,RS-15-5,15,5,,ordered
RS-15.pdf,RS-15-5,15,5,,ordered
RS-150.pdf,RS-150-12,150,12,,ordered
RS-150.pdf,RS-150-15,150,15,,ordered
RS-150.pdf,RS-150-24,156,24,,ordered
RS-150.pdf,RS-150-3.3,99,3.3,,ordered
RS-150.pdf,RS-150-48,158.4,48,,ordered
RS-150.pdf,RS-150-5,130,5,,ordered
RS-25.pdf,RS-25-12,25.2,12,,ordered
RS-25.pdf,RS-25-15,25.5,15,,ordered
RS-25.pdf,RS-25-24,26.4,24,,ordered
RS-25.pdf,RS-25-3.3,19.8,3.3,,ordered
RS-25.pdf,RS-25-48,27.36,48,,ordered
RS-25.pdf,RS-25-5,25,5,,ordered
RS-35.pdf,RS-35-12,36,12,,ordered
RS-35.pdf,RS-35-15,36,15,,ordered
RS-35.pdf,RS-35-24,36,24,,ordered
RS-35.pdf,RS-35-3.3,23.1,3.3,,ordered
RS-35.pdf,RS-35-48,38.4,48,,ordered
RS-35.pdf,RS-35-5,35,5,,ordered
RS-50.pdf,RS-50-12,50.4,12,,ordered
RS-50.pdf,RS-50-15,51,15,,ordered
RS-50.pdf,RS-50-24,52.8,24,,ordered
RS-50.pdf,RS-50-3.3,33,3.3,,ordered
RS-50.pdf,RS-50-48,52.8,48,,ordered
RS-50.pdf,RS-50-5,50,5,,ordered
RS-75.pdf,RS-75-12,72,12,,ordered
RS-75.pdf,RS-75-15,75,15,,ordered
RS-75.pdf,RS-75-24,76.8,24,,ordered
RS-75.pdf,RS-75-3.3,49.5,3.3,,ordered
RS-75.pdf,RS-75-48,76.8,48,,ordered
RS-75.pdf,RS-75-5,60,5,,ordered
RSD-100-SPEC.PDF,RSD-100B-12,100.8,12,,ordered
RSD-100-SPEC.PDF,RSD-100B-24,100.8,24,,ordered
RSD-100-SPEC.PDF,RSD-100B-5,100,5,,ordered
RSD-100-SPEC.PDF,RSD-100C-12,100.8,12,,ordered
RSD-100-SPEC.PDF,RSD-100C-24,100.8,24,,ordered
RSD-100-SPEC.PDF,RSD-100C-5,100,5,,ordered
RSD-100-SPEC.PDF,RSD-100D-12,100.8,12,,ordered
RSD-100-SPEC.PDF,RSD-100D-24,100.8,24,,ordered
RSD-100-SPEC.PDF,RSD-100D-5,100,5,,ordered
RSD-150-SPEC.PDF,RSD-150B-12,150,12,,ordered
RSD-150-SPEC.PDF,RSD-150B-24,151.2,24,,ordered
RSD-150-SPEC.PDF,RSD-150B-5,150,5,,ordered
RSD-150-SPEC.PDF,RSD-150C-12,150,12,,ordered
RSD-150-SPEC.PDF,RSD-150C-24,151.2,24,,ordered
RSD-150-SPEC.PDF,RSD-150C-5,150,5,,ordered
RSD-150-SPEC.PDF,RSD-150D-12,150,12,,ordered
RSD-150-SPEC.PDF,RSD-150D-24,151.2,24,,ordered
RSD-150-SPEC.PDF,RSD-150D-5,150,5,,ordered
RSD-200-SPEC.PDF,RSD-200B-12,200.4,12,,ordered
RSD-200-SPEC.PDF,RSD-200B-24,201.6,24,,ordered
RSD-200-SPEC.PDF,RSD-200B-48,201.6,48,,ordered
RSD-200-SPEC.PDF,RSD-200C-12,200.4,12,,ordered
RSD-200-SPEC.PDF,RSD-200C-24,201.6,24,,ordered
RSD-200-SPEC.PDF,RSD-200C-48,201.6,48,,ordered
RSD-200-SPEC.PDF,RSD-200D-12,200.4,12,,ordered
RSD-200-SPEC.PDF,RSD-200D-24,201.6,24,,ordered
RSD-200-SPEC.PDF,RSD-200D-48,201.6,48,,ordered
RSD-300-SPEC.PDF,RSD-300B-12,270,12,,ordered
RSD-300-SPEC.PDF,RSD-300B-24,271.2,24,,ordered
RSD-300-SPEC.PDF,RSD-300B-48,273.6,48,,ordered
RSD-300-SPEC.PDF,RSD-300B-5,210,5,,ordered
RSD-300-SPEC.PDF,RSD-300C-12,300,12,,ordered
RSD-300-SPEC.PDF,RSD-300C-24,300,24,,ordered
RSD-300-SPEC.PDF,RSD-300C-48,302.4,48,,ordered
RSD-300-SPEC.PDF,RSD-300C-5,210,5,,ordered
RSD-30-spec.pdf,RSD-30G-12,30,12,,ordered
RSD-30-spec.pdf,RSD-30G-24,30,24,,ordered
RSD-30-spec.pdf,RSD-30G-3.3,19.8,3.3,,ordered
RSD-30-spec.pdf,RSD-30G-5,30,5,,ordered
RSD-30-spec.pdf,RSD-30L-12,30,12,,ordered
RSD-30-spec.pdf,RSD-30L-24,30,24,,ordered
RSD-30-spec.pdf,RSD-30L-3.3,19.8,3.3,,ordered
RSD-30-spec.pdf,RSD-30L-5,30,5,,ordered
RSD-500-spec.pdf,RSD-500B-12,420,12,,ordered
RSD-500-spec.pdf,RSD-500B-24,420,24,,ordered
RSD-500-spec.pdf,RSD-500B-48,422.4,48,,ordered
RSD-500-spec.pdf,RSD-500C-12,420,12,,ordered
RSD-500-spec.pdf,RSD-500C-24,460.8,24,,ordered
RSD-500-spec.pdf,RSD-500C-48,460.8,48,,ordered
RSD-500-spec.pdf,RSD-500D-12,420,12,,ordered
RSD-500-spec.pdf,RSD-500D-24,499.2,24,,ordered
RSD-500-spec.pdf,RSD-500D-48,499.2,48,,ordered
RSD-60-spec.pdf,RSD-60G-12,60,12,,ordered
RSD-60-spec.pdf,RSD-60G-24,60,24,,ordered
RSD-60-spec.pdf,RSD-60G-3.3,39.6,3.3,,ordered
RSD-60-spec.pdf,RSD-60G-5,60,5,,ordered
RSD-60-spec.pdf,RSD-60L-12,60,12,,ordered
RSD-60-spec.pdf,RSD-60L-24,60,24,,ordered
RSD-60-spec.pdf,RSD-60L-3.3,39.6,3.3,,ordered
RSD-60-spec.pdf,RSD-60L-5,60,5,,ordered
RSDH-150-spec.pdf,RSDH-150-12,120,12,,ordered
RSDH-150-spec.pdf,RSDH-150-24,150,24,,ordered
RSDH-150-spec.pdf,RSDH-150-32,150,32,,ordered
RSDH-150-spec.pdf,RSDH-150-48,150,48,,ordered
RSDH-300-spec.pdf,RSDH-300-12,240,12,,ordered
RSDH-300-spec.pdf,RSDH-300-24,300,24,,ordered
RSDH-300-spec.pdf,RSDH-300-32,300,32,,ordered
RSDH-300-spec.pdf,RSDH-300-48,300,48,,ordered
RSDW08-SPEC.PDF,RSDW08-RDDW08,8,3,,ordered
"RSDW08,RDDW08-spec.pdf","RSDW08,RDDW08",8,3,,ordered
RSDW10-SPEC.PDF,RSDW10-RDDW10,10,3,,ordered
"RSDW10,RDDW10-spec.pdf","RSDW10,RDDW10",10,3.3,,ordered
RSDW20-SPEC.PDF,RSDW20-RDDW20,20,3,,ordered
"RSDW20,RDDW20-spec.pdf","RSDW20,RDDW20",20,3,,ordered
RSDW20UW-SPEC.PDF,RSDW20UW-RDDW20UW,20,12,,ordered
"RSDW20UW,RDDW20UW-spec.pdf","RSDW20UW,RDDW20UW",20,20,,ordered
RSDW40-SPEC.PDF,RSDW40-RDDW40,40,10,,ordered
"RSDW40,RDDW40-spec.pdf","RSDW40,RDDW40",40,10,,ordered
RSDW60-SPEC.PDF,RSDW60-RDDW60,60,10,,ordered
"RSDW60,RDDW60-spec.pdf","RSDW60,RDDW60",60,10,,ordered
RSP-100.pdf,RSP-100-12,102,12,,ordered
RSP-100.pdf,RSP-100-13.5,101.25,13.5,,ordered
RSP-100.pdf,RSP-100-15,100.5,15,,ordered
RSP-100.pdf,RSP-100-24,100.8,24,,ordered
RSP-100.pdf,RSP-100-27,102.6,27,,ordered
RSP-100.pdf,RSP-100-3.3,66,3.3,,ordered
RSP-100.pdf,RSP-100-48,100.8,48,,ordered
RSP-100.pdf,RSP-100-5,100,5,,ordered
RSP-100.pdf,RSP-100-7.5,101.25,7.5,,ordered
RSP-1000.pdf,RSP-1000-12,720,12,,ordered
RSP-1000.pdf,RSP-1000-15,750,15,,ordered
RSP-1000.pdf,RSP-1000-24,960,24,,ordered
RSP-1000.pdf,RSP-1000-27,999,27,,ordered
RSP-1000.pdf,RSP-1000-48,1008,48,,ordered
RSP-150.pdf,RSP-150-12,150,12,,ordered
RSP-150.pdf,RSP-150-13.5,151.2,13.5,,ordered
RSP-150.pdf,RSP-150-15,150,15,,ordered
RSP-150.pdf,RSP-150-24,151.2,24,,ordered
RSP-150.pdf,RSP-150-27,151.2,27,,ordered
RSP-150.pdf,RSP-150-3.3,99,3.3,,ordered
RSP-150.pdf,RSP-150-48,153.6,48,,ordered
RSP-150.pdf,RSP-150-5,150,5,,ordered
RSP-150.pdf,RSP-150-7.5,150,7.5,,ordered
RSP-1500.pdf,RSP-1500-12,1500,12,,ordered
RSP-1500.pdf,RSP-1500-15,1500,15,,ordered
RSP-1500.pdf,RSP-1500-24,1512,24,,ordered
RSP-1500.pdf,RSP-1500-27,1512,27,,ordered
RSP-1500.pdf,RSP-1500-48,1536,48,,ordered
RSP-1500.pdf,RSP-1500-5,1200,5,,ordered
RSP-1600.pdf,RSP-1600-12,1500,12,Blank|PM|CAN,ordered
RSP-1600.pdf,RSP-1600-24,1608,24,Blank|PM|CAN,ordered
RSP-1600.pdf,RSP-1600-27,1593,27,Blank|PM|CAN,ordered
RSP-1600.pdf,RSP-1600-36,1602,36,Blank|PM|CAN,ordered
RSP-1600.pdf,RSP-1600-48,1608,48,Blank|PM|CAN,ordered
RSP-200.pdf,RSP-200-12,200.4,12,,ordered
RSP-200.pdf,RSP-200-2.5,100,2.5,,ordered
RSP-200.pdf,RSP-200-3.3,132,3.3,,ordered
RSP-200.pdf,RSP-200-4,160,4,,ordered
RSP-200.pdf,RSP-200-5,200,5,,ordered
RSP-200.pdf,RSP-200-7.5,200.25,7.5,,ordered
RSP-2000.pdf,RSP-2000-12,1200,12,,ordered
RSP-2000.pdf,RSP-2000-24,1920,24,,ordered
RSP-2000.pdf,RSP-2000-48,2016,48,,ordered
RSP-2400.pdf,RSP-2400-12,2000.4,12,,ordered
RSP-2400.pdf,RSP-2400-24,2400,24,,ordered
RSP-2400.pdf,RSP-2400-48,2400,48,,ordered
RSP-3000.pdf,RSP-3000-12,2400,12,,ordered
RSP-3000.pdf,RSP-3000-24,3000,24,,ordered
RSP-3000.pdf,RSP-3000-48,3000,48,,ordered
RSP-320.pdf,RSP-320-12,320.4,12,,ordered
RSP-320.pdf,RSP-320-2.5,150,2.5,,ordered
RSP-320.pdf,RSP-320-3.3,198,3.3,,ordered
RSP-320.pdf,RSP-320-4,240,4,,ordered
RSP-320.pdf,RSP-320-5,300,5,,ordered
RSP-320.pdf,RSP-320-7.5,300,7.5,,ordered
RSP-500.pdf,RSP-500-12,500.4,12,,ordered
RSP-500.pdf,RSP-500-15,504,48,,ordered
RSP-500.pdf,RSP-500-24,501,15,,ordered
RSP-500.pdf,RSP-500-27,504,24,,ordered
RSP-500.pdf,RSP-500-3.3,297,3.3,,ordered
RSP-500.pdf,RSP-500-4,360,4,,ordered
RSP-500.pdf,RSP-500-48,502.2,27,,ordered
RSP-500.pdf,RSP-500-5,450,5,,ordered
RSP-75.pdf,RSP-75-12,75.6,12,,ordered
RSP-75.pdf,RSP-75-13.5,75.6,13.5,,ordered
RSP-75.pdf,RSP-75-15,75,15,,ordered
RSP-75.pdf,RSP-75-24,76.8,24,,ordered
RSP-75.pdf,RSP-75-27,75.6,27,,ordered
RSP-75.pdf,RSP-75-3.3,49.5,3.3,,ordered
RSP-75.pdf,RSP-75-48,76.8,48,,ordered
RSP-75.pdf,RSP-75-5,75,5,,ordered
RSP-75.pdf,RSP-75-7.5,75,7.5,,ordered
RSP-750.pdf,RSP-750-12,750,12,,ordered
RSP-750.pdf,RSP-750-15,750,15,,ordered
RSP-750.pdf,RSP-750-24,751.2,24,,ordered
RSP-750.pdf,RSP-750-27,750.6,27,,ordered
RSP-750.pdf,RSP-750-48,753.6,48,,ordered
RSP-750.pdf,RSP-750-5,500,5,,ordered
RST-10000-SPEC.PDF,RST-10000-24,9600,24,,ordered
RST-10000-SPEC.PDF,RST-10000-36,9936,36,,ordered
RST-10000-SPEC.PDF,RST-10000-48,10080,48,,ordered
RST-15K-HV-spec.pdf,RST-15K-115,14950,115,,ordered
RST-15K-HV-spec.pdf,RST-15K-230,14904,230,,ordered
RST-15K-HV-spec.pdf,RST-15K-380,15030,380,,ordered
RST-5000-SPEC.PDF,RST-5000-24,4800,24,,ordered
RST-5000-SPEC.PDF,RST-5000-36,4968,36,,ordered
RST-5000-SPEC.PDF,RST-5000-48,5040,48,,ordered
RST-7K5-HV-spec.pdf,RST-7K5-115,7475,115,,ordered
RST-7K5-HV-spec.pdf,RST-7K5-230,7452,380,,ordered
RST-7K5-HV-spec.pdf,RST-7K5-380,7515,,,ordered
RT-125.pdf,RT-125A,131,5,,ordered
RT-125.pdf,RT-125B,132,5,,ordered
RT-125.pdf,RT-125C,132.5,5,,ordered
RT-125.pdf,RT-125D,136,5,,ordered
RT-50.pdf,RT-50A,46.5,5,,ordered
RT-50.pdf,RT-50B,50,5,,ordered
RT-50.pdf,RT-50C,50,5,,ordered
RT-50.pdf,RT-50D,51,5,,ordered
RT-65.pdf,RT-65A,66.1,5,,ordered
RT-65.pdf,RT-65B,64.6,5,,ordered
RT-65.pdf,RT-65C,65.5,5,,ordered
RT-65.pdf,RT-65D,68,5,,ordered
RT-85.pdf,RT-85A,84.5,5,,ordered
RT-85.pdf,RT-85B,88,5,,ordered
RT-85.pdf,RT-85C,87.5,5,,ordered
RT-85.pdf,RT-85D,90,5,,ordered
SBP-001-spec.pdf,SBP-001,0.5,5,,ordered
SBTN01-spec.pdf,SBTN01,1,3.3,,ordered
SBTN01-N-spec.pdf,SBTN01L,1,5,,ordered
SCP-35-SPEC.PDF,SCP-35-12,35.9,13.8,,x-position
SCP-50-SPEC.PDF,SCP-50-12,49.7,13.8,,ordered
SCP-50-SPEC.PDF,SCP-50-24,49.7,27.6,,ordered
SCP-75-SPEC.PDF,SCP-75-12,74.5,13.8,,ordered
SCP-75-SPEC.PDF,SCP-75-24,74.5,27.6,,ordered
SCW08-SPEC.PDF,SCW08A-05,8,5,,single-power-for-all
SCW08-SPEC.PDF,SCW08A-12,8,,,single-power-for-all
SCW08-SPEC.PDF,SCW08A-15,8,,,single-power-for-all
SCW08-SPEC.PDF,SCW08B-05,8,12,,single-power-for-all
SCW08-SPEC.PDF,SCW08B-12,8,,,single-power-for-all
SCW08-SPEC.PDF,SCW08B-15,8,,,single-power-for-all
SCW08-SPEC.PDF,SCW08C-05,8,15,,single-power-for-all
SCW08-SPEC.PDF,SCW08C-12,8,,,single-power-for-all
SCW08-SPEC.PDF,SCW08C-15,8,,,single-power-for-all
SCW08W8-SPEC.PDF,SCW08W8-DCW08W8,8,12,,ordered
"SCW08W8,DCW08W8-spec.pdf","SCW08W8,DCW08W8",8,12,,ordered
SCW12-SPEC.PDF,SCW12A-05,12,5,,single-power-for-all
SCW12-SPEC.PDF,SCW12A-12,12,,,single-power-for-all
SCW12-SPEC.PDF,SCW12A-15,12,,,single-power-for-all
SCW12-SPEC.PDF,SCW12B-05,12,12,,single-power-for-all
SCW12-SPEC.PDF,SCW12B-12,12,,,single-power-for-all
SCW12-SPEC.PDF,SCW12B-15,12,,,single-power-for-all
SCW12-SPEC.PDF,SCW12C-05,12,15,,single-power-for-all
SCW12-SPEC.PDF,SCW12C-12,12,,,single-power-for-all
SCW12-SPEC.PDF,SCW12C-15,12,,,single-power-for-all
SCW12W8-SPEC.PDF,SCW12W8-DCW12W8,12,12,,ordered
"SCW12W8,DCW12W8-spec.pdf","SCW12W8,DCW12W8",12,12,,ordered
SCW20-spec.pdf,SCW20,20,18,,ordered
"SCW20W8,DCW20W8-spec.pdf","SCW20W8,DCW20W8",20,12,,ordered
SCWN03-SPEC.PDF,SCWN03-DCWN03,3,3,,ordered
"SCWN03,DCWN03-spec.pdf","SCWN03,DCWN03",3,3,,ordered
SCWN03W8-SPEC.PDF,SCWN03W8-DCWN03W8,3,12,,ordered
"SCWN03W8,DCWN03W8-spec.pdf","SCWN03W8,DCWN03W8",3,12,,ordered
SCWN06-SPEC.PDF,SCWN06-DCWN06,6,3,,ordered
"SCWN06,DCWN06-spec.pdf","SCWN06,DCWN06",6,3,,ordered
SCWN06W8-SPEC.PDF,SCWN06W8-DCWN06W8,6,12,,ordered
"SCWN06W8,DCWN06W8-spec.pdf","SCWN06W8,DCWN06W8",6,12,,ordered
SD-1000-SPEC.PDF,SD-1000H-12,720,12,,ordered
SD-1000-SPEC.PDF,SD-1000H-24,960,24,,ordered
SD-1000-SPEC.PDF,SD-1000H-48,1008,48,,ordered
SD-1000-SPEC.PDF,SD-1000L-12,720,12,,ordered
SD-1000-SPEC.PDF,SD-1000L-24,960,24,,ordered
SD-1000-SPEC.PDF,SD-1000L-48,1008,48,,ordered
SD-100-SPEC.PDF,SD-100A-5,90,5,,ordered-truncated
SD-100-SPEC.PDF,SD-100B-5,100,12,,ordered-truncated
SD-100-SPEC.PDF,SD-100C-5,102,24,,ordered-truncated
SD-100-SPEC.PDF,SD-100D-5,100.8,,,ordered-truncated
SD-150-SPEC.PDF,SD-150B-12,150,12,,ordered-truncated
SD-150-SPEC.PDF,SD-150C-12,151.2,24,,ordered-truncated
SD-15-SPEC.PDF,SD-15A-05,15,5,,single-power-for-all
SD-15-SPEC.PDF,SD-15A-12,15,5,,single-power-for-all
SD-15-SPEC.PDF,SD-15A-24,15,5,,single-power-for-all
SD-15-SPEC.PDF,SD-15B-05,15,5,,single-power-for-all
SD-15-SPEC.PDF,SD-15B-12,15,5,,single-power-for-all
SD-15-SPEC.PDF,SD-15B-24,15,5,,single-power-for-all
SD-15-SPEC.PDF,SD-15C-05,15,5,,single-power-for-all
SD-15-SPEC.PDF,SD-15C-12,15,5,,single-power-for-all
SD-15-SPEC.PDF,SD-15C-24,15,5,,single-power-for-all
SD-200-SPEC.PDF,SD-200B,170,5,,ordered-truncated
SD-200-SPEC.PDF,SD-200C,200.4,12,,ordered-truncated
SD-25-SPEC.PDF,SD-25A-5,25,5,,ordered-truncated
SD-25-SPEC.PDF,SD-25B-5,25.2,12,,ordered-truncated
SD-25-SPEC.PDF,SD-25C-5,26.4,24,,ordered-truncated
SD-350-SPEC.PDF,SD-350B,285,5,,ordered-truncated
SD-350-SPEC.PDF,SD-350C,330,12,,ordered-truncated
SD-500-SPEC.PDF,SD-500H-12,480,12,,ordered
SD-500-SPEC.PDF,SD-500H-24,504,24,,ordered
SD-500-SPEC.PDF,SD-500H-48,504,48,,ordered
SD-500-SPEC.PDF,SD-500L-12,480,12,,ordered
SD-500-SPEC.PDF,SD-500L-24,504,24,,ordered
SD-500-SPEC.PDF,SD-500L-48,504,48,,ordered
SD-50-SPEC.PDF,SD-50A-5,50,5,,ordered-truncated
SD-50-SPEC.PDF,SD-50B-5,50.4,12,,ordered-truncated
SD-50-SPEC.PDF,SD-50C-5,50.4,24,,ordered-truncated
SDM30-SPEC.PDF,SDM30-12S12,25.2,12,,ordered-truncated
SDM30-SPEC.PDF,SDM30-12S15,30,,,ordered-truncated
SDM30-SPEC.PDF,SDM30-24S12,30,15,,ordered-truncated
SDM30-SPEC.PDF,SDM30-48S12,25.5,,,ordered-truncated
SDP-001-SPEC.pdf,SDP-001-23MM,1,,,single-power-for-all
SDP-001-SPEC.pdf,SDP-001-SPEC,1,,,single-power-for-all
SDR-120.pdf,SDR-120-12,120,12,,ordered
SDR-120.pdf,SDR-120-24,120,24,,ordered
SDR-120.pdf,SDR-120-48,120,48,,ordered
SDR-240.pdf,SDR-240-24,240,24,,ordered
SDR-240.pdf,SDR-240-48,240,48,,ordered
SDR-480.pdf,SDR-480-24,480,24,,ordered
SDR-480.pdf,SDR-480-48,480,48,,ordered
SDR-480P.pdf,SDR-480P-24,480,24,,ordered
SDR-480P.pdf,SDR-480P-48,480,24,,ordered
SDR-75.pdf,SDR-75-12,75.6,12,,ordered
SDR-75.pdf,SDR-75-24,76.8,24,,ordered
SDR-75.pdf,SDR-75-48,76.8,48,,ordered
SDR-960.pdf,SDR-960-24,960,24,,ordered
SDR-960.pdf,SDR-960-48,960,48,,ordered
SE-1000.pdf,SE-1000-12,999.6,12,,ordered
SE-1000.pdf,SE-1000-15,1000.5,15,,ordered
SE-1000.pdf,SE-1000-24,1000.8,24,,ordered
SE-1000.pdf,SE-1000-48,998.4,48,,ordered
SE-1000.pdf,SE-1000-5,750,5,,ordered
SE-1000.pdf,SE-1000-9,900,9,,ordered
SE-1500.pdf,SE-1500-12,1500,12,,ordered
SE-1500.pdf,SE-1500-15,1500,15,,ordered
SE-1500.pdf,SE-1500-24,1500,24,,ordered
SE-1500.pdf,SE-1500-27,1501.2,27,,ordered
SE-1500.pdf,SE-1500-48,1502.4,48,,ordered
SE-1500.pdf,SE-1500-5,1500,5,,ordered
SE-450.pdf,SE-450-12,450,12,,ordered
SE-450.pdf,SE-450-15,450,15,,ordered
SE-450.pdf,SE-450-24,451.2,24,,ordered
SE-450.pdf,SE-450-3.3,247.5,3.3,,ordered
SE-450.pdf,SE-450-36,450,36,,ordered
SE-450.pdf,SE-450-48,451.2,48,,ordered
SE-450.pdf,SE-450-5,375,5,,ordered
SE-600.pdf,SE-600-12,600,15,,ordered-truncated
SE-600.pdf,SE-600-24,600,48,,ordered-truncated
SE-600.pdf,SE-600-27,500,5,,ordered-truncated
SFTN01-spec.pdf,SFTN01,1,3,,ordered
SFTN01-N-spec.pdf,SFTN01L-03N,1,5,,single-power-for-all
SFTN01-N-spec.pdf,SFTN01M-03N,1,12,,single-power-for-all
SFTN02-N-spec.pdf,SFTN02,2,5,,ordered
SFTN02-spec.pdf,SFTN02,2,3,,ordered
SHP-10K-HV-spec.pdf,SHP-10K-115,10000,380,Blank|PM|PMBUS|MOD|MODBUS,ordered-truncated
SHP-10K-HV-spec.pdf,SHP-10K-230,10000,,Blank|PM|PMBUS|MOD|MODBUS,ordered-truncated
SHP-10K-HV-spec.pdf,SHP-10K-55,10000,115,Blank|PM|PMBUS|MOD|MODBUS,ordered-truncated
SHP-10K-HV-spec.pdf,SHP-10K-HV,7200,55,Blank|PM|PMBUS|MOD|MODBUS,ordered-truncated
SHP-30K-HV-spec.pdf,SHP-30K-115,30000,230,Blank|PM|PMBUS|MOD|MODBUS,ordered-truncated
SHP-30K-HV-spec.pdf,SHP-30K-230,30000,380,Blank|PM|PMBUS|MOD|MODBUS,ordered-truncated
SHP-30K-HV-spec.pdf,SHP-30K-55,30000,115,Blank|PM|PMBUS|MOD|MODBUS,ordered-truncated
SHP-30K-HV-spec.pdf,SHP-30K-HV,19000,55,Blank|PM|PMBUS|MOD|MODBUS,ordered-truncated
SI06W8-SPEC.PDF,SI06W8,6,3.3,,ordered
"SI06W8,DI06W8-spec.pdf","SI06W8,DI06W8",6,3.3,,ordered
SKA15-SPEC.PDF,SKA15A-,9.9,3.3,,ordered-truncated
SKA15-SPEC.PDF,SKA15B-,15,5,,ordered-truncated
SKA20-SPEC.PDF,SKA20A-05,20,5,,single-power-for-all
SKA20-SPEC.PDF,SKA20A-12,20,,,single-power-for-all
SKA20-SPEC.PDF,SKA20A-15,20,,,single-power-for-all
SKA20-SPEC.PDF,SKA20B-05,20,12,,single-power-for-all
SKA20-SPEC.PDF,SKA20B-12,20,,,single-power-for-all
SKA20-SPEC.PDF,SKA20B-15,20,,,single-power-for-all
SKA20-SPEC.PDF,SKA20C-05,20,15,,single-power-for-all
SKA20-SPEC.PDF,SKA20C-12,20,,,single-power-for-all
SKA20-SPEC.PDF,SKA20C-15,20,,,single-power-for-all
SKA40-SPEC.PDF,SKA40A-05,35,7,,ordered-truncated
SKA40-SPEC.PDF,SKA40B-05,40,8.95,,ordered-truncated
SKA40-SPEC.PDF,SKA40C-05,40,15,,ordered-truncated
SKA60-SPEC.PDF,SKA60A-05,60,7,,single-power-for-all
SKA60-SPEC.PDF,SKA60A-12,60,19.2,,single-power-for-all
SKA60-SPEC.PDF,SKA60A-15,60,,,single-power-for-all
SKA60-SPEC.PDF,SKA60B-05,60,8.95,,single-power-for-all
SKA60-SPEC.PDF,SKA60B-12,60,18,,single-power-for-all
SKA60-SPEC.PDF,SKA60B-15,60,,,single-power-for-all
SKA60-SPEC.PDF,SKA60C-05,60,15,,single-power-for-all
SKA60-SPEC.PDF,SKA60C-12,60,23.3,,single-power-for-all
SKA60-SPEC.PDF,SKA60C-15,60,,,single-power-for-all
SKE10-SPEC.PDF,SKE10A-,10,5,,single-power-for-all
SKE10-SPEC.PDF,SKE10B-,10,12,,single-power-for-all
SKE10-SPEC.PDF,SKE10C-,10,15,,single-power-for-all
SKE15-SPEC.PDF,SKE15A-,15,5,,single-power-for-all
SKE15-SPEC.PDF,SKE15B-,15,12,,single-power-for-all
SKE15-SPEC.PDF,SKE15C-,15,15,,single-power-for-all
SKM10-SPEC.PDF,SKM10-DKM10,10,3,,ordered
"SKM10,DKM10-spec.pdf","SKM10,DKM10",10,3,,ordered
SKM30-N-SPEC.PDF,SKM30-DKM30-XXN),30,,,single-power-for-all
SKM30-N-SPEC.PDF,SKM30-DKM30-XXNST),30,,,single-power-for-all
"SKM30-N,DKM30-N-spec.pdf","SKM30-N,DKM30-N",30,3,,ordered
SKM30-N-SPEC.PDF,SKM30-XXN,30,5,,single-power-for-all
SKM30-N-SPEC.PDF,SKM30-XXNST,30,12,,single-power-for-all
SKM50-SPEC.PDF,SKM50B-05,50,7,,single-power-for-all
SKM50-SPEC.PDF,SKM50B-12,50,15,,single-power-for-all
SKM50-SPEC.PDF,SKM50B-15,50,18,,single-power-for-all
SKM50-SPEC.PDF,SKM50C-05,50,8.95,,single-power-for-all
SKM50-SPEC.PDF,SKM50C-12,50,19.2,,single-power-for-all
SKM50-SPEC.PDF,SKM50C-15,50,23.3,,single-power-for-all
SKMW15-SPEC.PDF,SKMW15-DKMW15,10,3.3,,single-model-first-power
"SKMW15,DKMW15-spec.pdf","SKMW15,DKMW15",10,3.3,,single-model-first-power
SKMW20-SPEC.PDF,SKMW20-DKMW20,20,3,,ordered
"SKMW20,DKMW20-spec.pdf","SKMW20,DKMW20",20,3,,ordered
SKMW30-SPEC.PDF,SKMW30-DKMW30,30,3,,ordered
"SKMW30,DKMW30-spec.pdf","SKMW30,DKMW30",30,3,,ordered
SKMW40-SPEC.PDF,SKMW40-DKMW40,40,3.3,,ordered
"SKMW40,DKMW40-spec.pdf","SKMW40,DKMW40",40,3.3,,ordered
SLC03-SPEC.PDF,SLC03-DLC03,3,50,,ordered
"SLC03,DLC03-spec.pdf","SLC03,DLC03",3,50,,ordered
SLD-150-spec.pdf,SLD-150-12,150,12,,single-power-for-all
SLD-150-spec.pdf,SLD-150-24,150,24,,single-power-for-all
SLD-50-spec.pdf,SLD-50-12,50,12,,single-power-for-all
SLD-50-spec.pdf,SLD-50-24,50,24,,single-power-for-all
SLD-80-spec.pdf,SLD-80-12,80,12,,single-power-for-all
SLD-80-spec.pdf,SLD-80-24,80,24,,single-power-for-all
SLW05-SPEC.PDF,SLW05A-,5,9,,single-power-for-all
SLW05-SPEC.PDF,SLW05B-,5,15,,single-power-for-all
SLW05-SPEC.PDF,SLW05C-,5,,,single-power-for-all
SMA01-SPEC.PDF,SMA01L-05,1,5.5,,single-power-for-all
SMA01-SPEC.PDF,SMA01L-09,1,5.5,,single-power-for-all
SMA01-SPEC.PDF,SMA01M-05,1,13.2,,single-power-for-all
SMA01-SPEC.PDF,SMA01M-09,1,13.2,,single-power-for-all
SMA01-SPEC.PDF,SMA01N-05,1,26.4,,single-power-for-all
SMA01-SPEC.PDF,SMA01N-09,1,26.4,,single-power-for-all
SMU01-N-spec.pdf,SMU01-N,1,3,,ordered
SMU01-SPEC.PDF,SMU01L-05,1,5.5,,single-power-for-all
SMU01-SPEC.PDF,SMU01L-09,1,5.5,,single-power-for-all
SMU01-SPEC.PDF,SMU01M-05,1,13.2,,single-power-for-all
SMU01-SPEC.PDF,SMU01M-09,1,13.2,,single-power-for-all
SMU01-SPEC.PDF,SMU01N-05,1,26.4,,single-power-for-all
SMU01-SPEC.PDF,SMU01N-09,1,26.4,,single-power-for-all
SMU02-N-spec.pdf,SMU02-N,2,3,,ordered
SMU02-SPEC.PDF,SMU02L-05,2,5.5,,single-power-for-all
SMU02-SPEC.PDF,SMU02L-12,2,5.5,,single-power-for-all
SMU02-SPEC.PDF,SMU02L-15,2,5.5,,single-power-for-all
SMU02-SPEC.PDF,SMU02M-05,2,13.2,,single-power-for-all
SMU02-SPEC.PDF,SMU02M-12,2,13.2,,single-power-for-all
SMU02-SPEC.PDF,SMU02M-15,2,13.2,,single-power-for-all
SMU02-SPEC.PDF,SMU02N-05,2,26.4,,single-power-for-all
SMU02-SPEC.PDF,SMU02N-12,2,26.4,,single-power-for-all
SMU02-SPEC.PDF,SMU02N-15,2,26.4,,single-power-for-all
SPA01-SPEC.PDF,SPA01A-05,1,5,,single-power-for-all
SPA01-SPEC.PDF,SPA01A-12,1,,,single-power-for-all
SPA01-SPEC.PDF,SPA01A-15,1,,,single-power-for-all
SPA01-SPEC.PDF,SPA01B-05,1,12,,single-power-for-all
SPA01-SPEC.PDF,SPA01B-12,1,,,single-power-for-all
SPA01-SPEC.PDF,SPA01B-15,1,,,single-power-for-all
SPA01-SPEC.PDF,SPA01C-05,1,15,,single-power-for-all
SPA01-SPEC.PDF,SPA01C-12,1,,,single-power-for-all
SPA01-SPEC.PDF,SPA01C-15,1,,,single-power-for-all
SPA01W8-SPEC.PDF,SPA01W8-DPA01W8,1,12,,ordered
"SPA01W8,DPA01W8-spec.pdf","SPA01W8,DPA01W8",1,3.3,,ordered
SPAN02-SPEC.PDF,SPAN02-DPAN02,2,24,,ordered
"SPAN02,DPAN02-spec.pdf","SPAN02,DPAN02",2,3,,ordered
SPAN02W8-SPEC.PDF,SPAN02W8-DPAN02W8,2,12,,ordered
"SPAN02W8,DPAN02W8-spec.pdf","SPAN02W8,DPAN02W8",2,12,,ordered
SPB09-SPEC.PDF,SPB09-DPB09,9,3,,ordered
"SPB09,DPB09-spec.pdf","SPB09,DPB09",9,3,,ordered
SPB09W8-SPEC.PDF,SPB09W8-DPB09W8,9,12,,ordered
"SPB09W8,DPB09W8-spec.pdf","SPB09W8,DPB09W8",9,3,,ordered
SPBW03-SPEC.PDF,SPBW03-DPBW03,3,1.2,,ordered
"SPBW03,DPBW03-spec.pdf","SPBW03,DPBW03",3,1.2,,ordered
SPBW03W8-SPEC.PDF,SPBW03W8-DPBW03W8,3,12,,ordered
"SPBW03W8,DPBW03W8-spec.pdf","SPBW03W8,DPBW03W8",3,12,,ordered
SPBW06-SPEC.PDF,SPBW06-DPBW06,6,3,,ordered
"SPBW06,DPBW06-spec.pdf","SPBW06,DPBW06",6,3,,ordered
SPBW06W8-SPEC.PDF,SPBW06W8-DPBW06W8,6,12,,ordered
"SPBW06W8,DPBW06W8-spec.pdf","SPBW06W8,DPBW06W8",6,12,,ordered
SPD-10S-277S-spec.pdf,SPD-10S-277S-50/60HZ,10,1260,,ordered
SPD-20-SPEC.pdf,SPD-20-240P,20,1500,,single-power-for-all
SPD-20-SPEC.pdf,SPD-20-277P,20,1500,,single-power-for-all
SPD-20HP-spec.pdf,SPD-20HP-277S,20,810,,single-power-for-all
SPD-20HP-spec.pdf,SPD-20HP-480S,20,1400,,single-power-for-all
SPD-20HP-spec.pdf,SPD-20HP-480S-50/60HZ,20,,,single-power-for-all
SPOL-01-spec.pdf,SPOL-01,5.5,3,,ordered
SPOL-12-spec.pdf,SPOL-12,66,3,,ordered
SPRN01-SPEC.PDF,SPRN01-DPRN01,1,3,,ordered
"SPRN01,DPRN01-spec.pdf","SPRN01,DPRN01",1,3,,ordered
SPU01-SPEC.PDF,SPU01-DPU01,1,5,,ordered
"SPU01,DPU01-spec.pdf","SPU01,DPU01",1,5,,ordered
SPU03-SPEC.PDF,SPU03L-05,3,5.5,,single-power-for-all
SPU03-SPEC.PDF,SPU03L-12,3,5.5,,single-power-for-all
SPU03-SPEC.PDF,SPU03L-15,3,5.5,,single-power-for-all
SPU03-SPEC.PDF,SPU03M-05,3,13.2,,single-power-for-all
SPU03-SPEC.PDF,SPU03M-12,3,13.2,,single-power-for-all
SPU03-SPEC.PDF,SPU03M-15,3,13.2,,single-power-for-all
SPU03-SPEC.PDF,SPU03N-05,3,26.4,,single-power-for-all
SPU03-SPEC.PDF,SPU03N-12,3,26.4,,single-power-for-all
SPU03-SPEC.PDF,SPU03N-15,3,26.4,,single-power-for-all
SPV-150-spec.pdf,SPV-150-12,150,12,,ordered
SPV-150-spec.pdf,SPV-150-24,150,48,,ordered
SPV-150-spec.pdf,SPV-150-48,150,24,,ordered
SPV-300-SPEC.PDF,SPV-300-12,300,12,,ordered
SPV-300-SPEC.PDF,SPV-300-24,300,24,,ordered
SPV-300-SPEC.PDF,SPV-300-48,300,48,,ordered
SPWM-150-spec.pdf,SPWM-150-12,150,12,Blank|DA2|DALI|DA2Q,single-power-for-all
SPWM-150-spec.pdf,SPWM-150-24,150,24,Blank|DA2|DALI|DA2Q,single-power-for-all
SPWM-240-spec.pdf,SPWM-240-24,240,24,Blank|DA2|DALI|DA2Q,single-power-for-all
SPWM-240-spec.pdf,SPWM-240-48,240,48,Blank|DA2|DALI|DA2Q,single-power-for-all
SPWM-75-spec.pdf,SPWM-75-12,75,12,Blank|DA2|DALI|DA2Q,single-power-for-all
SPWM-75-spec.pdf,SPWM-75-24,75,24,Blank|DA2|DALI|DA2Q,single-power-for-all
SRS-SPEC.PDF,SRS-0505,0.5,15,,single-power-for-all
SRS-SPEC.PDF,SRS-0509,0.5,15,,single-power-for-all
SRS-SPEC.PDF,SRS-1205,0.5,15,,single-power-for-all
SRS-SPEC.PDF,SRS-1209,0.5,15,,single-power-for-all
SRS-SPEC.PDF,SRS-2405,0.5,15,,single-power-for-all
SRS-SPEC.PDF,SRS-2409,0.5,15,,single-power-for-all
SRS-SPEC.PDF,SRS-4805,0.5,15,,single-power-for-all
SRS-SPEC.PDF,SRS-4809,0.5,15,,single-power-for-all
SUS01-SPEC.PDF,SUS01L-05,1,5.5,,single-power-for-all
SUS01-SPEC.PDF,SUS01L-09,1,5.5,,single-power-for-all
SUS01-SPEC.PDF,SUS01M-05,1,13.2,,single-power-for-all
SUS01-SPEC.PDF,SUS01M-09,1,13.2,,single-power-for-all
SUS01-SPEC.PDF,SUS01N-05,1,26.4,,single-power-for-all
SUS01-SPEC.PDF,SUS01N-09,1,26.4,,single-power-for-all
SUS01-SPEC.PDF,SUS01O-05,1,52.8,,single-power-for-all
SUS01-SPEC.PDF,SUS01O-09,1,52.8,,single-power-for-all
TDR-240-spec.pdf,TDR-240-24,240,24,,ordered
TDR-240-spec.pdf,TDR-240-48,240,48,,ordered
TDR-480-SPEC.pdf,TDR-480-24,480,24,,ordered
TDR-480-SPEC.pdf,TDR-480-48,480,48,,ordered
TDR-960-SPEC.pdf,TDR-960-24,960,24,,ordered
TDR-960-SPEC.pdf,TDR-960-48,960,48,,ordered
TKA30-SPEC.PDF,TKA30A-B,25,5,,single-power-for-all
TKA30-SPEC.PDF,TKA30A-C,25,15,,single-power-for-all
TKA30-SPEC.PDF,TKA30B-B,25,12,,single-power-for-all
TKA30-SPEC.PDF,TKA30B-C,25,,,single-power-for-all
TKA30-SPEC.PDF,TKA30C-B,25,5,,single-power-for-all
TKA30-SPEC.PDF,TKA30C-C,25,,,single-power-for-all
TN-1500-SPEC.PDF,TN-1500-112,1500,24,,single-power-for-all
TN-1500-SPEC.PDF,TN-1500-124,1500,48,,single-power-for-all
TN-1500-SPEC.PDF,TN-1500-148,1500,24,,single-power-for-all
TN-1500-SPEC.PDF,TN-1500-212,1500,48,,single-power-for-all
TN-1500-SPEC.PDF,TN-1500-224,1500,,,single-power-for-all
TN-1500-SPEC.PDF,TN-1500-248,1500,,,single-power-for-all
TN-3000-SPEC.PDF,TN-3000-112,3000,10.5,,single-power-for-all
TN-3000-SPEC.PDF,TN-3000-124,3000,21,,single-power-for-all
TN-3000-SPEC.PDF,TN-3000-148,3000,42,,single-power-for-all
TN-3000-SPEC.PDF,TN-3000-212,3000,10.5,,single-power-for-all
TN-3000-SPEC.PDF,TN-3000-224,3000,21,,single-power-for-all
TN-3000-SPEC.PDF,TN-3000-248,3000,42,,single-power-for-all
UHP-1000-spec.pdf,UHP-1000-12,960,36,,ordered
UHP-1000-spec.pdf,UHP-1000-24,1008,48,,ordered
UHP-1000-spec.pdf,UHP-1000-36,1008,,,ordered
UHP-1000-spec.pdf,UHP-1000-48,1008,,,ordered
UHP-1500-HV-spec.pdf,UHP-1500-115,1500,230,Blank|E|PM,ordered-truncated
UHP-1500-HV-spec.pdf,UHP-1500-230,1500,,Blank|E|PM,ordered-truncated
UHP-1500-spec.pdf,UHP-1500-24,1500,24,Blank|PM,single-power-for-all
UHP-1500-spec.pdf,UHP-1500-48,1500,48,Blank|PM,single-power-for-all
UHP-1500-HV-spec.pdf,UHP-1500-HV,1500.75,115,Blank|E|PM,ordered-truncated
UHP-200(R)-spec.pdf,UHP-200,132,3.5,,single-model-first-power
UHP-200A-spec (1).pdf,UHP-200A-4.2,168,4.2,,ordered
UHP-200A-spec.pdf,UHP-200A-4.2,168,4.2,,ordered
UHP-200A-spec (1).pdf,UHP-200A-4.5,180,4.5,,ordered
UHP-200A-spec.pdf,UHP-200A-4.5,180,4.5,,ordered
UHP-200A-spec (1).pdf,UHP-200A-5,200,5,,ordered
UHP-200A-spec.pdf,UHP-200A-5,200,5,,ordered
UHP-2500-spec.pdf,UHP-2500-24,2500,36,Blank|PM,single-power-for-all
UHP-2500-spec.pdf,UHP-2500-36,2500,48,Blank|PM,single-power-for-all
UHP-2500-spec.pdf,UHP-2500-48,2500,,Blank|PM,single-power-for-all
UHP-350(R)-spec.pdf,UHP-350,350,4.2,,ordered
UHP-500(R)-spec.pdf,UHP-500,336,4.4,,single-model-first-power
UHP-750-spec.pdf,UHP-750-36,752.4,36,,ordered-truncated
UHP-750-spec.pdf,UHP-750-48,753.6,48,,ordered-truncated
UMP-400-spec.pdf,UMP-400-24,400,24,,single-power-for-all
UMP-400-spec.pdf,UMP-400-48,400,48,,single-power-for-all
VFD-150P-48-spec.pdf,VFD-150P-48,150,55,,ordered
VFD-200C-230-spec.pdf,VFD-200C-230-380VMAX,200,68,,ordered
VFD-250P-230-spec.pdf,VFD-250P-230-380VMAX,250,68,,ordered
VFD-250P-48-spec.pdf,VFD-250P-48,250,55,,ordered
VFD-350C-230-spec.pdf,VFD-350C-230-380VMAX,350,68,,ordered
VFD-350P-230-spec.pdf,VFD-350P-230-380VMAX,350,68,,ordered
VFD-350P-48-spec.pdf,VFD-350P-48,350,55,,ordered
VFD-750C-230-spec.pdf,VFD-750C-230-380VMAX,750,68,,ordered
WDR-120-SPEC.pdf,WDR-120-12,120,12,,ordered
WDR-120-SPEC.pdf,WDR-120-24,120,24,,ordered
WDR-120-SPEC.pdf,WDR-120-48,120,48,,ordered
WDR-240-SPEC.pdf,WDR-240-24,240,24,,ordered
WDR-240-SPEC.pdf,WDR-240-48,240,48,,ordered
WDR-480-SPEC.pdf,WDR-480-24,480,24,,ordered
WDR-480-SPEC.pdf,WDR-480-48,480,48,,ordered
WDR-60-spec.pdf,WDR-60-24,60,12,,x-position
XBG-100-spec.pdf,XBG-100-,100,56,A|AB,single-power-for-all
XBG-100-spec.pdf,XBG-100-2100MA,100,56,A|AB,single-power-for-all
XBG-160-spec.pdf,XBG-160-,160,56,A|AB,single-power-for-all
XBG-160-spec.pdf,XBG-160-3300MA,160,56,A|AB,single-power-for-all
XBG-240-spec.pdf,XBG-240-,240,60,A|AB,single-power-for-all
XBG-240-spec.pdf,XBG-240-4900MA,240,60,A|AB,single-power-for-all
XDR-120-spec.pdf,XDR-120-XX),0.9,12,,x-position
XDR-120-spec.pdf,XDR-120-XXLA),1,24,,x-position
XDR-120E-spec.pdf,XDR-120E-120E,0.6,12,,single-model-first-power
XDR-150E-spec.pdf,XDR-150E-150E,0.6,12,,single-model-first-power
XDR-240-spec.pdf,XDR-240-XX),0,12,,single-power-for-all
XDR-240-spec.pdf,XDR-240-XXLA),0,24,,single-power-for-all
XDR-240-spec.pdf,XDR-240-XXPI),0,36,,single-power-for-all
XDR-240E-spec.pdf,XDR-240E-240E,1.2,12,,ordered
XDR-480-spec.pdf,XDR-480-12,0,5,,single-power-for-all
XDR-480-spec.pdf,XDR-480-24,0,9,,single-power-for-all
XDR-480-spec.pdf,XDR-480-36,0,42,,single-power-for-all
XDR-480-spec.pdf,XDR-480-48,0,5,,single-power-for-all
XDR-480E-spec.pdf,XDR-480E-480E,1.2,12,,ordered
XDR-75-spec.pdf,XDR-75-XX),0.7,12,,x-position
XDR-75-spec.pdf,XDR-75-XXLA),1,24,,x-position
XDR-75E-spec.pdf,XDR-75E,1,12,,ordered
XDR-960-spec.pdf,XDR-960-XX),0,24,,single-power-for-all
XDR-960-spec.pdf,XDR-960-XXLA),0,36,,single-power-for-all
XDR-960-spec.pdf,XDR-960-XXPI),0,48,,single-power-for-all
XDR-960E-spec.pdf,XDR-960E-960E,3.9,24,,ordered
XLC-25-spec.pdf,XLC-25-12-,25,12,H|Blank|B|DA2|DIMMING,single-power-for-all
XLC-25-spec.pdf,XLC-25-24-,25,24,H|Blank|B|DA2|DIMMING,single-power-for-all
XLC-25-KN-spec.pdf,XLC-25-H-KN,25,60,BUILT|KN|KNS,single-power-for-all
XLC-25-MA-spec.pdf,XLC-25-H-MA,25,60,MA,single-power-for-all
XLC-25-KN-spec.pdf,XLC-25-KN,25,60,BUILT|KN|KNS,single-power-for-all
XLC-25-MA-spec.pdf,XLC-25-MA,25,60,MA,single-power-for-all
XLC-40-spec.pdf,XLC-40-12-,40.8,12,H|Blank|B|DA2|DIMMING,ordered
XLC-40-spec.pdf,XLC-40-24-,40.8,24,H|Blank|B|DA2|DIMMING,ordered
XLC-40-KN-spec.pdf,XLC-40-H-KN,40,60,BUILT|KN|KNS,single-power-for-all
XLC-40-MA-spec.pdf,XLC-40-H-MA,40,60,MA,single-power-for-all
XLC-40-KN-spec.pdf,XLC-40-KN,40,60,BUILT|KN|KNS,single-power-for-all
XLC-40-MA-spec.pdf,XLC-40-MA,40,60,MA,single-power-for-all
XLC-60-MA-spec.pdf,XLC-60,60,12,H|MA|MAS,ordered-truncated
XLC-60-MA-spec.pdf,XLC-60-12-MA,60,24,H|MA|MAS,ordered-truncated
XLC-60-spec.pdf,XLC-60-24-,60,24,H|Blank|B|DA2,x-position
XLC-60-MA-spec.pdf,XLC-60-24-MA,60,48,H|MA|MAS,ordered-truncated
XLC-60-spec.pdf,XLC-60-48-,60,48,H|Blank|B|DA2,x-position
XLC-60-KN-spec.pdf,XLC-60-H-KN,60,60,KN|BUILT|KNS,single-power-for-all
XLC-60-KN-spec.pdf,XLC-60-H-KN-NOTE2,60,60,KN|BUILT|KNS,single-power-for-all
XLG-100-DA2-spec.pdf,XLG-100,100,158,DALI|DA2,ordered
XLG-100-spec.pdf,XLG-100,100,142,IO|Blank|A|AB|CV|24V,single-model-first-power
XLG-100-DA2-spec.pdf,XLG-100-L-DA2,100,60,DALI|DA2,ordered
XLG-150-DA2-spec.pdf,XLG-150,150,240,DALI|DA2,ordered
XLG-150-spec.pdf,XLG-150,150,225,IO|Blank|A|AB|CV|24V,single-model-first-power
XLG-150-DA2-spec.pdf,XLG-150-DA2-700MA,150,65,DALI|DA2,ordered
XLG-150-DA2-spec.pdf,XLG-150-DALI-2,150,120,DALI|DA2,ordered
XLG-20-spec.pdf,XLG-20-H-,21,,Blank|B,single-power-for-all
XLG-20-spec.pdf,XLG-20-H-700MA,21,,Blank|B,single-power-for-all
XLG-20-spec.pdf,XLG-20-L-,21,60,Blank|B,single-power-for-all
XLG-20-spec.pdf,XLG-20-M-,21,50,Blank|B,single-power-for-all
XLG-200-DA2-spec.pdf,XLG-200,200,320,DALI|DA2,single-power-for-all
XLG-200-spec.pdf,XLG-200,200,300,IO|Blank|A|AB|CV|24V,single-model-first-power
XLG-200-DA2-spec.pdf,XLG-200-DA2-700MA,200,,DALI|DA2,single-power-for-all
XLG-200-DA2-spec.pdf,XLG-200-DALI-2,200,,DALI|DA2,single-power-for-all
XLG-240-DA2-spec.pdf,XLG-240,239.4,380,DALI|DA2,ordered
XLG-240-spec.pdf,XLG-240,239.4,370,IO|Blank|A|AB|ABV|VO|48V,single-model-first-power
XLG-240-48-ABV-SPEC.PDF,XLG-240-48-ABV,239.4,370,IO|Blank|A|AB|ABV|VO|48V,single-model-first-power
XLG-240-DA2-spec.pdf,XLG-240-DA2-700MA,239.6,65,DALI|DA2,ordered
XLG-240-DA2-spec.pdf,XLG-240-DALI-2,239.4,197,DALI|DA2,ordered
XLG-25-spec.pdf,XLG-25,25,54,A|AB,ordered
XLG-320-DA2-spec.pdf,XLG-320,315,340,DALI|DA2,ordered
XLG-320-48-ABV-SPEC.PDF,XLG-320-48-ABV,0.5,60,Blank,ordered
XLG-320-DA2-spec.pdf,XLG-320-DA2-1400MA,312,65,DALI|DA2,ordered
XLG-320-DA2-spec.pdf,XLG-320-DALI-2,310.8,180,DALI|DA2,ordered
XLG-320-spec.pdf,XLG-320-H-,312,78,Blank,ordered
XLG-320-spec.pdf,XLG-320-L-,315,380,Blank,ordered
XLG-320-spec.pdf,XLG-320-M-,310.8,220,Blank,ordered
XLG-320-spec.pdf,XLG-320-V-,312,34,Blank,ordered
XLG-320-spec.pdf,XLG-320-V-1400MA,216,,Blank,ordered
XLG-50-DA2-spec.pdf,XLG-50,50,60,DALI|DA2,ordered-truncated
XLG-50-spec.pdf,XLG-50,50,54,A|AB,ordered
XLG-50-DA2-spec.pdf,XLG-50-DA2,50,160,DALI|DA2,ordered-truncated
XLG-75-DA2-spec.pdf,XLG-75,74.9,115,DALI|DA2,ordered
XLG-75-spec.pdf,XLG-75,74.9,107,IO|Blank|A|AB|CV|24V,single-model-first-power
XLG-75-DA2-spec.pdf,XLG-75-H-DA2,75.6,60,DALI|DA2,ordered
XLN-25-spec.pdf,XLN-25-12,25,12,H|Blank|B|DA2,single-power-for-all
XLN-25-spec.pdf,XLN-25-24,25,24,H|Blank|B|DA2,single-power-for-all
XLN-40-spec.pdf,XLN-40-12,40.8,12,H|Blank|B|DA2,ordered
XLN-40-spec.pdf,XLN-40-24,40.8,24,H|Blank|B|DA2,ordered
XLN-60-spec.pdf,XLN-60-12-,60,12,H|Blank|B|DA2,ordered
XLN-60-spec.pdf,XLN-60-24-,60,24,H|Blank|B|DA2,ordered
XLN-60-spec.pdf,XLN-60-48-,60,48,H|Blank|B|DA2,ordered
XTR-240-spec.pdf,XTR-240-XX),240,12,,single-power-for-all
XTR-240-spec.pdf,XTR-240-XXLA),240,24,,single-power-for-all
XTR-240-spec.pdf,XTR-240-XXPI),240,36,,single-power-for-all
XTR-480-spec.pdf,XTR-480-XX),480,12,,single-power-for-all
XTR-480-spec.pdf,XTR-480-XXLA),480,24,,single-power-for-all
XTR-480-spec.pdf,XTR-480-XXPI),480,36,,single-power-for-all
XTR-960-spec.pdf,XTR-960-24,960,24,,single-power-for-all
XTR-960-spec.pdf,XTR-960-36,960,36,,single-power-for-all
XTR-960-spec.pdf,XTR-960-48,960,48,,single-power-for-all
